height_cm,YYYYMMDD,hhmm/
219,20190901,0000/
215,20190901,0100/
190,20190901,0200/
147,20190901,0300/
97,20190901,0400/
61,20190901,0500/
47,20190901,0600/
58,20190901,0700/
89,20190901,0800/
135,20190901,0900/
185,20190901,1000/
224,20190901,1100/
243,20190901,1200/
240,20190901,1300/
212,20190901,1400/
164,20190901,1500/
107,20190901,1600/
56,20190901,1700/
25,20190901,1800/
23,20190901,1900/
43,20190901,2000/
84,20190901,2100/
138,20190901,2200/
188,20190901,2300/
223,20190902,0000/
233,20190902,0100/
218,20190902,0200/
183,20190902,0300/
129,20190902,0400/
77,20190902,0500/
42,20190902,0600/
34,20190902,0700/
54,20190902,0800/
93,20190902,0900/
143,20190902,1000/
195,20190902,1100/
229,20190902,1200/
243,20190902,1300/
232,20190902,1400/
200,20190902,1500/
147,20190902,1600/
91,20190902,1700/
49,20190902,1800/
32,20190902,1900/
38,20190902,2000/
71,20190902,2100/
117,20190902,2200/
169,20190902,2300/
213,20190903,0000/
238,20190903,0100/
237,20190903,0200/
212,20190903,0300/
167,20190903,0400/
110,20190903,0500/
62,20190903,0600/
35,20190903,0700/
34,20190903,0800/
55,20190903,0900/
96,20190903,1000/
147,20190903,1100/
194,20190903,1200/
224,20190903,1300/
231,20190903,1400/
217,20190903,1500/
178,20190903,1600/
124,20190903,1700/
74,20190903,1800/
42,20190903,1900/
34,20190903,2000/
49,20190903,2100/
88,20190903,2200/
139,20190903,2300/
189,20190904,0000/
223,20190904,0100/
236,20190904,0200/
225,20190904,0300/
191,20190904,0400/
141,20190904,0500/
88,20190904,0600/
48,20190904,0700/
30,20190904,0800/
35,20190904,0900/
61,20190904,1000/
104,20190904,1100/
151,20190904,1200/
190,20190904,1300/
211,20190904,1400/
211,20190904,1500/
192,20190904,1600/
151,20190904,1700/
103,20190904,1800/
65,20190904,1900/
44,20190904,2000/
48,20190904,2100/
73,20190904,2200/
116,20190904,2300/
163,20190905,0000/
202,20190905,0100/
225,20190905,0200/
227,20190905,0300/
211,20190905,0400/
174,20190905,0500/
123,20190905,0600/
75,20190905,0700/
46,20190905,0800/
36,20190905,0900/
46,20190905,1000/
77,20190905,1100/
117,20190905,1200/
157,20190905,1300/
185,20190905,1400/
197,20190905,1500/
190,20190905,1600/
165,20190905,1700/
130,20190905,1800/
93,20190905,1900/
69,20190905,2000/
63,20190905,2100/
79,20190905,2200/
109,20190905,2300/
146,20190906,0000/
182,20190906,0100/
210,20190906,0200/
222,20190906,0300/
215,20190906,0400/
191,20190906,0500/
155,20190906,0600/
112,20190906,0700/
80,20190906,0800/
62,20190906,0900/
61,20190906,1000/
75,20190906,1100/
100,20190906,1200/
130,20190906,1300/
157,20190906,1400/
172,20190906,1500/
175,20190906,1600/
166,20190906,1700/
144,20190906,1800/
114,20190906,1900/
93,20190906,2000/
83,20190906,2100/
89,20190906,2200/
107,20190906,2300/
134,20190907,0000/
165,20190907,0100/
192,20190907,0200/
208,20190907,0300/
211,20190907,0400/
200,20190907,0500/
176,20190907,0600/
143,20190907,0700/
113,20190907,0800/
90,20190907,0900/
78,20190907,1000/
78,20190907,1100/
89,20190907,1200/
108,20190907,1300/
130,20190907,1400/
147,20190907,1500/
157,20190907,1600/
157,20190907,1700/
148,20190907,1800/
133,20190907,1900/
116,20190907,2000/
106,20190907,2100/
104,20190907,2200/
113,20190907,2300/
128,20190908,0000/
148,20190908,0100/
169,20190908,0200/
185,20190908,0300/
192,20190908,0400/
191,20190908,0500/
180,20190908,0600/
162,20190908,0700/
141,20190908,0800/
122,20190908,0900/
104,20190908,1000/
92,20190908,1100/
90,20190908,1200/
96,20190908,1300/
106,20190908,1400/
119,20190908,1500/
131,20190908,1600/
139,20190908,1700/
144,20190908,1800/
144,20190908,1900/
137,20190908,2000/
131,20190908,2100/
125,20190908,2200/
124,20190908,2300/
129,20190909,0000/
136,20190909,0100/
147,20190909,0200/
160,20190909,0300/
170,20190909,0400/
176,20190909,0500/
178,20190909,0600/
174,20190909,0700/
163,20190909,0800/
149,20190909,0900/
134,20190909,1000/
117,20190909,1100/
103,20190909,1200/
94,20190909,1300/
91,20190909,1400/
95,20190909,1500/
102,20190909,1600/
115,20190909,1700/
128,20190909,1800/
141,20190909,1900/
146,20190909,2000/
146,20190909,2100/
142,20190909,2200/
137,20190909,2300/
130,20190910,0000/
124,20190910,0100/
125,20190910,0200/
132,20190910,0300/
141,20190910,0400/
152,20190910,0500/
163,20190910,0600/
171,20190910,0700/
173,20190910,0800/
170,20190910,0900/
160,20190910,1000/
142,20190910,1100/
124,20190910,1200/
104,20190910,1300/
89,20190910,1400/
82,20190910,1500/
82,20190910,1600/
93,20190910,1700/
109,20190910,1800/
127,20190910,1900/
147,20190910,2000/
155,20190910,2100/
157,20190910,2200/
154,20190910,2300/
144,20190911,0000/
129,20190911,0100/
117,20190911,0200/
110,20190911,0300/
113,20190911,0400/
122,20190911,0500/
135,20190911,0600/
152,20190911,0700/
170,20190911,0800/
178,20190911,0900/
178,20190911,1000/
166,20190911,1100/
146,20190911,1200/
121,20190911,1300/
94,20190911,1400/
76,20190911,1500/
68,20190911,1600/
74,20190911,1700/
88,20190911,1800/
112,20190911,1900/
139,20190911,2000/
161,20190911,2100/
173,20190911,2200/
174,20190911,2300/
164,20190912,0000/
148,20190912,0100/
127,20190912,0200/
106,20190912,0300/
98,20190912,0400/
104,20190912,0500/
119,20190912,0600/
143,20190912,0700/
167,20190912,0800/
189,20190912,0900/
199,20190912,1000/
196,20190912,1100/
179,20190912,1200/
150,20190912,1300/
115,20190912,1400/
85,20190912,1500/
66,20190912,1600/
64,20190912,1700/
75,20190912,1800/
100,20190912,1900/
131,20190912,2000/
162,20190912,2100/
185,20190912,2200/
192,20190912,2300/
189,20190913,0000/
170,20190913,0100/
143,20190913,0200/
114,20190913,0300/
92,20190913,0400/
87,20190913,0500/
99,20190913,0600/
120,20190913,0700/
153,20190913,0800/
185,20190913,0900/
208,20190913,1000/
216,20190913,1100/
204,20190913,1200/
179,20190913,1300/
142,20190913,1400/
101,20190913,1500/
71,20190913,1600/
56,20190913,1700/
60,20190913,1800/
81,20190913,1900/
115,20190913,2000/
153,20190913,2100/
186,20190913,2200/
206,20190913,2300/
207,20190914,0000/
191,20190914,0100/
158,20190914,0200/
118,20190914,0300/
89,20190914,0400/
73,20190914,0500/
79,20190914,0600/
99,20190914,0700/
132,20190914,0800/
170,20190914,0900/
202,20190914,1000/
219,20190914,1100/
219,20190914,1200/
201,20190914,1300/
167,20190914,1400/
122,20190914,1500/
82,20190914,1600/
57,20190914,1700/
51,20190914,1800/
68,20190914,1900/
100,20190914,2000/
141,20190914,2100/
181,20190914,2200/
208,20190914,2300/
217,20190915,0000/
205,20190915,0100/
180,20190915,0200/
141,20190915,0300/
100,20190915,0400/
74,20190915,0500/
68,20190915,0600/
79,20190915,0700/
107,20190915,0800/
146,20190915,0900/
186,20190915,1000/
214,20190915,1100/
226,20190915,1200/
218,20190915,1300/
187,20190915,1400/
146,20190915,1500/
98,20190915,1600/
65,20190915,1700/
51,20190915,1800/
58,20190915,1900/
87,20190915,2000/
127,20190915,2100/
172,20190915,2200/
207,20190915,2300/
223,20190916,0000/
220,20190916,0100/
199,20190916,0200/
161,20190916,0300/
114,20190916,0400/
77,20190916,0500/
60,20190916,0600/
64,20190916,0700/
87,20190916,0800/
124,20190916,0900/
169,20190916,1000/
208,20190916,1100/
226,20190916,1200/
226,20190916,1300/
205,20190916,1400/
169,20190916,1500/
120,20190916,1600/
79,20190916,1700/
57,20190916,1800/
56,20190916,1900/
77,20190916,2000/
114,20190916,2100/
159,20190916,2200/
199,20190916,2300/
224,20190917,0000/
229,20190917,0100/
214,20190917,0200/
179,20190917,0300/
131,20190917,0400/
86,20190917,0500/
58,20190917,0600/
52,20190917,0700/
68,20190917,0800/
101,20190917,0900/
145,20190917,1000/
187,20190917,1100/
216,20190917,1200/
224,20190917,1300/
215,20190917,1400/
184,20190917,1500/
140,20190917,1600/
96,20190917,1700/
66,20190917,1800/
58,20190917,1900/
70,20190917,2000/
102,20190917,2100/
142,20190917,2200/
185,20190917,2300/
217,20190918,0000/
229,20190918,0100/
222,20190918,0200/
193,20190918,0300/
149,20190918,0400/
101,20190918,0500/
63,20190918,0600/
46,20190918,0700/
52,20190918,0800/
78,20190918,0900/
116,20190918,1000/
161,20190918,1100/
198,20190918,1200/
216,20190918,1300/
213,20190918,1400/
194,20190918,1500/
156,20190918,1600/
110,20190918,1700/
73,20190918,1800/
58,20190918,1900/
62,20190918,2000/
86,20190918,2100/
124,20190918,2200/
168,20190918,2300/
203,20190919,0000/
221,20190919,0100/
221,20190919,0200/
200,20190919,0300/
163,20190919,0400/
116,20190919,0500/
76,20190919,0600/
51,20190919,0700/
42,20190919,0800/
58,20190919,0900/
88,20190919,1000/
127,20190919,1100/
167,20190919,1200/
193,20190919,1300/
201,20190919,1400/
191,20190919,1500/
164,20190919,1600/
128,20190919,1700/
86,20190919,1800/
62,20190919,1900/
59,20190919,2000/
78,20190919,2100/
108,20190919,2200/
142,20190919,2300/
178,20190920,0000/
201,20190920,0100/
212,20190920,0200/
204,20190920,0300/
177,20190920,0400/
137,20190920,0500/
94,20190920,0600/
60,20190920,0700/
45,20190920,0800/
47,20190920,0900/
70,20190920,1000/
105,20190920,1100/
143,20190920,1200/
176,20190920,1300/
190,20190920,1400/
188,20190920,1500/
172,20190920,1600/
141,20190920,1700/
105,20190920,1800/
80,20190920,1900/
75,20190920,2000/
87,20190920,2100/
114,20190920,2200/
148,20190920,2300/
182,20190921,0000/
206,20190921,0100/
216,20190921,0200/
212,20190921,0300/
193,20190921,0400/
161,20190921,0500/
121,20190921,0600/
88,20190921,0700/
68,20190921,0800/
65,20190921,0900/
75,20190921,1000/
101,20190921,1100/
134,20190921,1200/
163,20190921,1300/
182,20190921,1400/
185,20190921,1500/
176,20190921,1600/
157,20190921,1700/
128,20190921,1800/
106,20190921,1900/
93,20190921,2000/
97,20190921,2100/
113,20190921,2200/
138,20190921,2300/
169,20190922,0000/
198,20190922,0100/
216,20190922,0200/
220,20190922,0300/
209,20190922,0400/
186,20190922,0500/
150,20190922,0600/
116,20190922,0700/
89,20190922,0800/
76,20190922,0900/
78,20190922,1000/
91,20190922,1100/
114,20190922,1200/
138,20190922,1300/
157,20190922,1400/
167,20190922,1500/
168,20190922,1600/
157,20190922,1700/
141,20190922,1800/
121,20190922,1900/
108,20190922,2000/
106,20190922,2100/
115,20190922,2200/
130,20190922,2300/
155,20190923,0000/
178,20190923,0100/
196,20190923,0200/
205,20190923,0300/
203,20190923,0400/
189,20190923,0500/
167,20190923,0600/
139,20190923,0700/
114,20190923,0800/
97,20190923,0900/
89,20190923,1000/
90,20190923,1100/
99,20190923,1200/
114,20190923,1300/
129,20190923,1400/
141,20190923,1500/
150,20190923,1600/
150,20190923,1700/
145,20190923,1800/
136,20190923,1900/
128,20190923,2000/
123,20190923,2100/
122,20190923,2200/
129,20190923,2300/
142,20190924,0000/
159,20190924,0100/
172,20190924,0200/
185,20190924,0300/
191,20190924,0400/
190,20190924,0500/
179,20190924,0600/
162,20190924,0700/
144,20190924,0800/
126,20190924,0900/
110,20190924,1000/
100,20190924,1100/
94,20190924,1200/
101,20190924,1300/
104,20190924,1400/
116,20190924,1500/
127,20190924,1600/
137,20190924,1700/
142,20190924,1800/
142,20190924,1900/
142,20190924,2000/
140,20190924,2100/
137,20190924,2200/
137,20190924,2300/
139,20190925,0000/
143,20190925,0100/
152,20190925,0200/
161,20190925,0300/
170,20190925,0400/
178,20190925,0500/
182,20190925,0600/
181,20190925,0700/
176,20190925,0800/
161,20190925,0900/
143,20190925,1000/
123,20190925,1100/
107,20190925,1200/
95,20190925,1300/
90,20190925,1400/
92,20190925,1500/
103,20190925,1600/
118,20190925,1700/
134,20190925,1800/
150,20190925,1900/
161,20190925,2000/
164,20190925,2100/
162,20190925,2200/
152,20190925,2300/
139,20190926,0000/
130,20190926,0100/
128,20190926,0200/
131,20190926,0300/
141,20190926,0400/
154,20190926,0500/
169,20190926,0600/
183,20190926,0700/
190,20190926,0800/
188,20190926,0900/
176,20190926,1000/
155,20190926,1100/
132,20190926,1200/
106,20190926,1300/
84,20190926,1400/
73,20190926,1500/
74,20190926,1600/
85,20190926,1700/
107,20190926,1800/
135,20190926,1900/
159,20190926,2000/
173,20190926,2100/
177,20190926,2200/
169,20190926,2300/
154,20190927,0000/
129,20190927,0100/
108,20190927,0200/
96,20190927,0300/
96,20190927,0400/
108,20190927,0500/
129,20190927,0600/
159,20190927,0700/
186,20190927,0800/
203,20190927,0900/
206,20190927,1000/
195,20190927,1100/
169,20190927,1200/
131,20190927,1300/
94,20190927,1400/
65,20190927,1500/
51,20190927,1600/
55,20190927,1700/
76,20190927,1800/
106,20190927,1900/
143,20190927,2000/
173,20190927,2100/
189,20190927,2200/
190,20190927,2300/
177,20190928,0000/
150,20190928,0100/
113,20190928,0200/
81,20190928,0300/
64,20190928,0400/
66,20190928,0500/
85,20190928,0600/
118,20190928,0700/
159,20190928,0800/
194,20190928,0900/
213,20190928,1000/
218,20190928,1100/
201,20190928,1200/
166,20190928,1300/
121,20190928,1400/
75,20190928,1500/
46,20190928,1600/
38,20190928,1700/
52,20190928,1800/
82,20190928,1900/
123,20190928,2000/
167,20190928,2100/
200,20190928,2200/
212,20190928,2300/
207,20190929,0000/
182,20190929,0100/
139,20190929,0200/
91,20190929,0300/
56,20190929,0400/
43,20190929,0500/
50,20190929,0600/
79,20190929,0700/
121,20190929,0800/
169,20190929,0900/
207,20190929,1000/
230,20190929,1100/
229,20190929,1200/
206,20190929,1300/
162,20190929,1400/
108,20190929,1500/
61,20190929,1600/
35,20190929,1700/
34,20190929,1800/
58,20190929,1900/
100,20190929,2000/
151,20190929,2100/
197,20190929,2200/
226,20190929,2300/
233,20190930,0000/
216,20190930,0100/
177,20190930,0200/
121,20190930,0300/
68,20190930,0400/
33,20190930,0500/
22,20190930,0600/
36,20190930,0700/
73,20190930,0800/
123,20190930,0900/
176,20190930,1000/
213,20190930,1100/
231,20190930,1200/
223,20190930,1300/
195,20190930,1400/
145,20190930,1500/
89,20190930,1600/
47,20190930,1700/
29,20190930,1800/
40,20190930,1900/
75,20190930,2000/
124,20190930,2100/
176,20190930,2200/
219,20190930,2300/
240,20191001,0000/
234,20191001,0100/
209,20191001,0200/
160,20191001,0300/
98,20191001,0400/
47,20191001,0500/
17,20191001,0600/
13,20191001,0700/
37,20191001,0800/
81,20191001,0900/
137,20191001,1000/
188,20191001,1100/
221,20191001,1200/
232,20191001,1300/
216,20191001,1400/
180,20191001,1500/
125,20191001,1600/
75,20191001,1700/
42,20191001,1800/
36,20191001,1900/
60,20191001,2000/
103,20191001,2100/
156,20191001,2200/
207,20191001,2300/
240,20191002,0000/
251,20191002,0100/
234,20191002,0200/
194,20191002,0300/
134,20191002,0400/
74,20191002,0500/
29,20191002,0600/
8,20191002,0700/
13,20191002,0800/
43,20191002,0900/
92,20191002,1000/
146,20191002,1100/
193,20191002,1200/
217,20191002,1300/
218,20191002,1400/
197,20191002,1500/
157,20191002,1600/
103,20191002,1700/
61,20191002,1800/
44,20191002,1900/
51,20191002,2000/
82,20191002,2100/
131,20191002,2200/
184,20191002,2300/
226,20191003,0000/
248,20191003,0100/
243,20191003,0200/
218,20191003,0300/
173,20191003,0400/
112,20191003,0500/
62,20191003,0600/
27,20191003,0700/
17,20191003,0800/
30,20191003,0900/
66,20191003,1000/
113,20191003,1100/
162,20191003,1200/
196,20191003,1300/
211,20191003,1400/
204,20191003,1500/
178,20191003,1600/
134,20191003,1700/
89,20191003,1800/
62,20191003,1900/
60,20191003,2000/
79,20191003,2100/
115,20191003,2200/
161,20191003,2300/
204,20191004,0000/
231,20191004,0100/
238,20191004,0200/
225,20191004,0300/
190,20191004,0400/
139,20191004,0500/
90,20191004,0600/
49,20191004,0700/
26,20191004,0800/
24,20191004,0900/
44,20191004,1000/
78,20191004,1100/
121,20191004,1200/
159,20191004,1300/
177,20191004,1400/
180,20191004,1500/
165,20191004,1600/
138,20191004,1700/
103,20191004,1800/
74,20191004,1900/
61,20191004,2000/
67,20191004,2100/
90,20191004,2200/
121,20191004,2300/
158,20191005,0000/
188,20191005,0100/
206,20191005,0200/
206,20191005,0300/
190,20191005,0400/
155,20191005,0500/
113,20191005,0600/
73,20191005,0700/
44,20191005,0800/
33,20191005,0900/
39,20191005,1000/
61,20191005,1100/
97,20191005,1200/
132,20191005,1300/
159,20191005,1400/
170,20191005,1500/
169,20191005,1600/
155,20191005,1700/
130,20191005,1800/
102,20191005,1900/
86,20191005,2000/
84,20191005,2100/
96,20191005,2200/
119,20191005,2300/
150,20191006,0000/
177,20191006,0100/
195,20191006,0200/
201,20191006,0300/
194,20191006,0400/
175,20191006,0500/
146,20191006,0600/
113,20191006,0700/
87,20191006,0800/
70,20191006,0900/
66,20191006,1000/
75,20191006,1100/
95,20191006,1200/
118,20191006,1300/
140,20191006,1400/
152,20191006,1500/
156,20191006,1600/
158,20191006,1700/
143,20191006,1800/
124,20191006,1900/
109,20191006,2000/
104,20191006,2100/
109,20191006,2200/
121,20191006,2300/
139,20191007,0000/
157,20191007,0100/
173,20191007,0200/
182,20191007,0300/
182,20191007,0400/
175,20191007,0500/
160,20191007,0600/
140,20191007,0700/
119,20191007,0800/
102,20191007,0900/
93,20191007,1000/
92,20191007,1100/
95,20191007,1200/
109,20191007,1300/
123,20191007,1400/
135,20191007,1500/
145,20191007,1600/
147,20191007,1700/
146,20191007,1800/
141,20191007,1900/
134,20191007,2000/
131,20191007,2100/
131,20191007,2200/
134,20191007,2300/
138,20191008,0000/
146,20191008,0100/
157,20191008,0200/
163,20191008,0300/
164,20191008,0400/
166,20191008,0500/
164,20191008,0600/
159,20191008,0700/
148,20191008,0800/
133,20191008,0900/
121,20191008,1000/
110,20191008,1100/
106,20191008,1200/
104,20191008,1300/
108,20191008,1400/
117,20191008,1500/
124,20191008,1600/
135,20191008,1700/
143,20191008,1800/
147,20191008,1900/
151,20191008,2000/
151,20191008,2100/
147,20191008,2200/
144,20191008,2300/
137,20191009,0000/
135,20191009,0100/
134,20191009,0200/
136,20191009,0300/
141,20191009,0400/
149,20191009,0500/
155,20191009,0600/
161,20191009,0700/
162,20191009,0800/
156,20191009,0900/
146,20191009,1000/
133,20191009,1100/
119,20191009,1200/
105,20191009,1300/
97,20191009,1400/
97,20191009,1500/
103,20191009,1600/
115,20191009,1700/
130,20191009,1800/
145,20191009,1900/
159,20191009,2000/
165,20191009,2100/
165,20191009,2200/
157,20191009,2300/
146,20191010,0000/
132,20191010,0100/
122,20191010,0200/
117,20191010,0300/
118,20191010,0400/
125,20191010,0500/
139,20191010,0600/
156,20191010,0700/
171,20191010,0800/
178,20191010,0900/
174,20191010,1000/
163,20191010,1100/
141,20191010,1200/
117,20191010,1300/
96,20191010,1400/
87,20191010,1500/
88,20191010,1600/
100,20191010,1700/
119,20191010,1800/
143,20191010,1900/
164,20191010,2000/
177,20191010,2100/
181,20191010,2200/
175,20191010,2300/
162,20191011,0000/
141,20191011,0100/
117,20191011,0200/
104,20191011,0300/
100,20191011,0400/
103,20191011,0500/
117,20191011,0600/
141,20191011,0700/
166,20191011,0800/
183,20191011,0900/
188,20191011,1000/
185,20191011,1100/
167,20191011,1200/
138,20191011,1300/
107,20191011,1400/
84,20191011,1500/
75,20191011,1600/
82,20191011,1700/
102,20191011,1800/
128,20191011,1900/
158,20191011,2000/
182,20191011,2100/
195,20191011,2200/
192,20191011,2300/
177,20191012,0000/
152,20191012,0100/
120,20191012,0200/
92,20191012,0300/
74,20191012,0400/
73,20191012,0500/
87,20191012,0600/
112,20191012,0700/
145,20191012,0800/
174,20191012,0900/
192,20191012,1000/
196,20191012,1100/
187,20191012,1200/
162,20191012,1300/
126,20191012,1400/
89,20191012,1500/
68,20191012,1600/
65,20191012,1700/
79,20191012,1800/
106,20191012,1900/
142,20191012,2000/
175,20191012,2100/
197,20191012,2200/
201,20191012,2300/
191,20191013,0000/
164,20191013,0100/
127,20191013,0200/
90,20191013,0300/
63,20191013,0400/
55,20191013,0500/
65,20191013,0600/
89,20191013,0700/
123,20191013,0800/
160,20191013,0900/
189,20191013,1000/
204,20191013,1100/
203,20191013,1200/
184,20191013,1300/
148,20191013,1400/
106,20191013,1500/
74,20191013,1600/
62,20191013,1700/
67,20191013,1800/
93,20191013,1900/
128,20191013,2000/
167,20191013,2100/
199,20191013,2200/
215,20191013,2300/
211,20191014,0000/
189,20191014,0100/
150,20191014,0200/
106,20191014,0300/
68,20191014,0400/
47,20191014,0500/
48,20191014,0600/
66,20191014,0700/
98,20191014,0800/
141,20191014,0900/
179,20191014,1000/
205,20191014,1100/
212,20191014,1200/
200,20191014,1300/
169,20191014,1400/
124,20191014,1500/
82,20191014,1600/
60,20191014,1700/
59,20191014,1800/
79,20191014,1900/
114,20191014,2000/
157,20191014,2100/
195,20191014,2200/
218,20191014,2300/
222,20191015,0000/
204,20191015,0100/
169,20191015,0200/
119,20191015,0300/
74,20191015,0400/
42,20191015,0500/
32,20191015,0600/
42,20191015,0700/
71,20191015,0800/
112,20191015,0900/
156,20191015,1000/
190,20191015,1100/
207,20191015,1200/
203,20191015,1300/
182,20191015,1400/
143,20191015,1500/
98,20191015,1600/
65,20191015,1700/
55,20191015,1800/
68,20191015,1900/
99,20191015,2000/
140,20191015,2100/
183,20191015,2200/
215,20191015,2300/
227,20191016,0000/
217,20191016,0100/
189,20191016,0200/
145,20191016,0300/
94,20191016,0400/
53,20191016,0500/
32,20191016,0600/
33,20191016,0700/
54,20191016,0800/
94,20191016,0900/
140,20191016,1000/
184,20191016,1100/
210,20191016,1200/
215,20191016,1300/
200,20191016,1400/
167,20191016,1500/
119,20191016,1600/
81,20191016,1700/
62,20191016,1800/
67,20191016,1900/
93,20191016,2000/
131,20191016,2100/
177,20191016,2200/
214,20191016,2300/
232,20191017,0000/
231,20191017,0100/
210,20191017,0200/
168,20191017,0300/
117,20191017,0400/
71,20191017,0500/
39,20191017,0600/
30,20191017,0700/
42,20191017,0800/
75,20191017,0900/
119,20191017,1000/
166,20191017,1100/
198,20191017,1200/
212,20191017,1300/
206,20191017,1400/
181,20191017,1500/
140,20191017,1600/
98,20191017,1700/
71,20191017,1800/
67,20191017,1900/
85,20191017,2000/
119,20191017,2100/
163,20191017,2200/
204,20191017,2300/
232,20191018,0000/
239,20191018,0100/
225,20191018,0200/
193,20191018,0300/
143,20191018,0400/
91,20191018,0500/
54,20191018,0600/
34,20191018,0700/
36,20191018,0800/
61,20191018,0900/
98,20191018,1000/
141,20191018,1100/
180,20191018,1200/
201,20191018,1300/
205,20191018,1400/
190,20191018,1500/
158,20191018,1600/
116,20191018,1700/
85,20191018,1800/
72,20191018,1900/
82,20191018,2000/
108,20191018,2100/
147,20191018,2200/
187,20191018,2300/
219,20191019,0000/
236,20191019,0100/
231,20191019,0200/
209,20191019,0300/
168,20191019,0400/
118,20191019,0500/
75,20191019,0600/
48,20191019,0700/
40,20191019,0800/
50,20191019,0900/
79,20191019,1000/
118,20191019,1100/
157,20191019,1200/
185,20191019,1300/
195,20191019,1400/
189,20191019,1500/
169,20191019,1600/
134,20191019,1700/
101,20191019,1800/
83,20191019,1900/
85,20191019,2000/
104,20191019,2100/
133,20191019,2200/
168,20191019,2300/
202,20191020,0000/
223,20191020,0100/
227,20191020,0200/
213,20191020,0300/
184,20191020,0400/
142,20191020,0500/
101,20191020,0600/
68,20191020,0700/
50,20191020,0800/
50,20191020,0900/
66,20191020,1000/
96,20191020,1100/
130,20191020,1200/
162,20191020,1300/
180,20191020,1400/
183,20191020,1500/
173,20191020,1600/
150,20191020,1700/
121,20191020,1800/
99,20191020,1900/
91,20191020,2000/
101,20191020,2100/
121,20191020,2200/
150,20191020,2300/
182,20191021,0000/
207,20191021,0100/
218,20191021,0200/
212,20191021,0300/
194,20191021,0400/
162,20191021,0500/
126,20191021,0600/
94,20191021,0700/
71,20191021,0800/
62,20191021,0900/
65,20191021,1000/
82,20191021,1100/
109,20191021,1200/
137,20191021,1300/
159,20191021,1400/
169,20191021,1500/
169,20191021,1600/
159,20191021,1700/
139,20191021,1800/
118,20191021,1900/
106,20191021,2000/
106,20191021,2100/
116,20191021,2200/
135,20191021,2300/
160,20191022,0000/
185,20191022,0100/
201,20191022,0200/
208,20191022,0300/
200,20191022,0400/
180,20191022,0500/
154,20191022,0600/
126,20191022,0700/
103,20191022,0800/
88,20191022,0900/
82,20191022,1000/
85,20191022,1100/
98,20191022,1200/
116,20191022,1300/
137,20191022,1400/
153,20191022,1500/
160,20191022,1600/
161,20191022,1700/
154,20191022,1800/
141,20191022,1900/
127,20191022,2000/
120,20191022,2100/
122,20191022,2200/
131,20191022,2300/
149,20191023,0000/
163,20191023,0100/
174,20191023,0200/
178,20191023,0300/
184,20191023,0400/
179,20191023,0500/
170,20191023,0600/
154,20191023,0700/
137,20191023,0800/
117,20191023,0900/
100,20191023,1000/
91,20191023,1100/
91,20191023,1200/
99,20191023,1300/
112,20191023,1400/
131,20191023,1500/
145,20191023,1600/
153,20191023,1700/
156,20191023,1800/
151,20191023,1900/
143,20191023,2000/
135,20191023,2100/
128,20191023,2200/
128,20191023,2300/
131,20191024,0000/
135,20191024,0100/
141,20191024,0200/
148,20191024,0300/
157,20191024,0400/
161,20191024,0500/
163,20191024,0600/
163,20191024,0700/
159,20191024,0800/
147,20191024,0900/
130,20191024,1000/
114,20191024,1100/
100,20191024,1200/
91,20191024,1300/
92,20191024,1400/
100,20191024,1500/
116,20191024,1600/
136,20191024,1700/
154,20191024,1800/
164,20191024,1900/
169,20191024,2000/
165,20191024,2100/
157,20191024,2200/
144,20191024,2300/
131,20191025,0000/
121,20191025,0100/
118,20191025,0200/
118,20191025,0300/
129,20191025,0400/
145,20191025,0500/
162,20191025,0600/
176,20191025,0700/
183,20191025,0800/
182,20191025,0900/
171,20191025,1000/
152,20191025,1100/
128,20191025,1200/
106,20191025,1300/
90,20191025,1400/
88,20191025,1500/
97,20191025,1600/
116,20191025,1700/
146,20191025,1800/
173,20191025,1900/
191,20191025,2000/
202,20191025,2100/
195,20191025,2200/
178,20191025,2300/
152,20191026,0000/
126,20191026,0100/
106,20191026,0200/
97,20191026,0300/
101,20191026,0400/
116,20191026,0500/
140,20191026,0600/
168,20191026,0700/
194,20191026,0800/
207,20191026,0900/
206,20191026,1000/
194,20191026,1100/
167,20191026,1200/
132,20191026,1300/
99,20191026,1400/
81,20191026,1500/
78,20191026,1600/
94,20191026,1700/
121,20191026,1800/
156,20191026,1900/
192,20191026,2000/
215,20191026,2100/
224,20191026,2200/
213,20191026,2300/
187,20191027,0000/
151,20191027,0100/
109,20191027,0200/
81,20191027,0300/
70,20191027,0400/
75,20191027,0500/
99,20191027,0600/
133,20191027,0700/
173,20191027,0800/
204,20191027,0900/
220,20191027,1000/
218,20191027,1100/
202,20191027,1200/
166,20191027,1300/
120,20191027,1400/
85,20191027,1500/
67,20191027,1600/
70,20191027,1700/
95,20191027,1800/
129,20191027,1900/
173,20191027,2000/
216,20191027,2100/
238,20191027,2200/
239,20191027,2300/
219,20191028,0000/
181,20191028,0100/
127,20191028,0200/
83,20191028,0300/
51,20191028,0400/
38,20191028,0500/
51,20191028,0600/
85,20191028,0700/
128,20191028,0800/
176,20191028,0900/
210,20191028,1000/
228,20191028,1100/
223,20191028,1200/
200,20191028,1300/
155,20191028,1400/
106,20191028,1500/
70,20191028,1600/
59,20191028,1700/
71,20191028,1800/
102,20191028,1900/
147,20191028,2000/
198,20191028,2100/
234,20191028,2200/
252,20191028,2300/
245,20191029,0000/
214,20191029,0100/
164,20191029,0200/
106,20191029,0300/
58,20191029,0400/
27,20191029,0500/
20,20191029,0600/
41,20191029,0700/
82,20191029,0800/
136,20191029,0900/
186,20191029,1000/
221,20191029,1100/
234,20191029,1200/
221,20191029,1300/
188,20191029,1400/
139,20191029,1500/
91,20191029,1600/
62,20191029,1700/
60,20191029,1800/
83,20191029,1900/
124,20191029,2000/
178,20191029,2100/
227,20191029,2200/
256,20191029,2300/
263,20191030,0000/
247,20191030,0100/
206,20191030,0200/
147,20191030,0300/
89,20191030,0400/
41,20191030,0500/
18,20191030,0600/
22,20191030,0700/
48,20191030,0800/
94,20191030,0900/
152,20191030,1000/
200,20191030,1100/
-9999,20191030,1200/
-9999,20191030,1300/
-9999,20191030,1400/
-9999,20191030,1500/
-9999,20191030,1600/
-9999,20191030,1700/
62,20191030,1800/
71,20191030,1900/
103,20191030,2000/
148,20191030,2100/
199,20191030,2200/
239,20191030,2300/
260,20191031,0000/
258,20191031,0100/
230,20191031,0200/
179,20191031,0300/
117,20191031,0400/
63,20191031,0500/
25,20191031,0600/
13,20191031,0700/
25,20191031,0800/
62,20191031,0900/
112,20191031,1000/
165,20191031,1100/
203,20191031,1200/
224,20191031,1300/
219,20191031,1400/
193,20191031,1500/
149,20191031,1600/
99,20191031,1700/
68,20191031,1800/
64,20191031,1900/
82,20191031,2000/
116,20191031,2100/
159,20191031,2200/
203,20191031,2300/
232,20191101,0000/
240,20191101,0100/
225,20191101,0200/
191,20191101,0300/
143,20191101,0400/
88,20191101,0500/
42,20191101,0600/
16,20191101,0700/
13,20191101,0800/
33,20191101,0900/
73,20191101,1000/
120,20191101,1100/
161,20191101,1200/
188,20191101,1300/
198,20191101,1400/
188,20191101,1500/
161,20191101,1600/
120,20191101,1700/
84,20191101,1800/
67,20191101,1900/
71,20191101,2000/
94,20191101,2100/
127,20191101,2200/
168,20191101,2300/
202,20191102,0000/
218,20191102,0100/
221,20191102,0200/
203,20191102,0300/
165,20191102,0400/
116,20191102,0500/
67,20191102,0600/
33,20191102,0700/
18,20191102,0800/
24,20191102,0900/
52,20191102,1000/
92,20191102,1100/
134,20191102,1200/
169,20191102,1300/
186,20191102,1400/
186,20191102,1500/
170,20191102,1600/
140,20191102,1700/
105,20191102,1800/
83,20191102,1900/
80,20191102,2000/
93,20191102,2100/
119,20191102,2200/
151,20191102,2300/
182,20191103,0000/
204,20191103,0100/
210,20191103,0200/
202,20191103,0300/
180,20191103,0400/
144,20191103,0500/
102,20191103,0600/
68,20191103,0700/
46,20191103,0800/
43,20191103,0900/
58,20191103,1000/
87,20191103,1100/
123,20191103,1200/
155,20191103,1300/
176,20191103,1400/
183,20191103,1500/
176,20191103,1600/
156,20191103,1700/
129,20191103,1800/
108,20191103,1900/
98,20191103,2000/
104,20191103,2100/
123,20191103,2200/
148,20191103,2300/
178,20191104,0000/
200,20191104,0100/
210,20191104,0200/
206,20191104,0300/
191,20191104,0400/
164,20191104,0500/
132,20191104,0600/
104,20191104,0700/
84,20191104,0800/
73,20191104,0900/
77,20191104,1000/
93,20191104,1100/
115,20191104,1200/
140,20191104,1300/
162,20191104,1400/
172,20191104,1500/
175,20191104,1600/
166,20191104,1700/
152,20191104,1800/
135,20191104,1900/
121,20191104,2000/
118,20191104,2100/
125,20191104,2200/
137,20191104,2300/
156,20191105,0000/
175,20191105,0100/
186,20191105,0200/
188,20191105,0300/
182,20191105,0400/
169,20191105,0500/
151,20191105,0600/
128,20191105,0700/
109,20191105,0800/
97,20191105,0900/
93,20191105,1000/
96,20191105,1100/
108,20191105,1200/
122,20191105,1300/
139,20191105,1400/
152,20191105,1500/
160,20191105,1600/
161,20191105,1700/
159,20191105,1800/
148,20191105,1900/
140,20191105,2000/
131,20191105,2100/
130,20191105,2200/
132,20191105,2300/
143,20191106,0000/
154,20191106,0100/
163,20191106,0200/
169,20191106,0300/
169,20191106,0400/
165,20191106,0500/
159,20191106,0600/
146,20191106,0700/
135,20191106,0800/
124,20191106,0900/
115,20191106,1000/
111,20191106,1100/
111,20191106,1200/
115,20191106,1300/
126,20191106,1400/
136,20191106,1500/
148,20191106,1600/
158,20191106,1700/
166,20191106,1800/
167,20191106,1900/
164,20191106,2000/
159,20191106,2100/
151,20191106,2200/
145,20191106,2300/
140,20191107,0000/
144,20191107,0100/
148,20191107,0200/
152,20191107,0300/
158,20191107,0400/
166,20191107,0500/
168,20191107,0600/
164,20191107,0700/
161,20191107,0800/
152,20191107,0900/
143,20191107,1000/
134,20191107,1100/
128,20191107,1200/
122,20191107,1300/
123,20191107,1400/
128,20191107,1500/
138,20191107,1600/
152,20191107,1700/
166,20191107,1800/
178,20191107,1900/
183,20191107,2000/
183,20191107,2100/
176,20191107,2200/
162,20191107,2300/
146,20191108,0000/
135,20191108,0100/
129,20191108,0200/
128,20191108,0300/
135,20191108,0400/
145,20191108,0500/
155,20191108,0600/
165,20191108,0700/
171,20191108,0800/
170,20191108,0900/
161,20191108,1000/
149,20191108,1100/
132,20191108,1200/
118,20191108,1300/
109,20191108,1400/
109,20191108,1500/
118,20191108,1600/
132,20191108,1700/
151,20191108,1800/
171,20191108,1900/
189,20191108,2000/
194,20191108,2100/
189,20191108,2200/
174,20191108,2300/
155,20191109,0000/
129,20191109,0100/
112,20191109,0200/
101,20191109,0300/
103,20191109,0400/
114,20191109,0500/
130,20191109,0600/
151,20191109,0700/
170,20191109,0800/
181,20191109,0900/
179,20191109,1000/
166,20191109,1100/
147,20191109,1200/
126,20191109,1300/
107,20191109,1400/
96,20191109,1500/
99,20191109,1600/
113,20191109,1700/
135,20191109,1800/
163,20191109,1900/
187,20191109,2000/
200,20191109,2100/
203,20191109,2200/
189,20191109,2300/
167,20191110,0000/
137,20191110,0100/
112,20191110,0200/
90,20191110,0300/
84,20191110,0400/
88,20191110,0500/
107,20191110,0600/
133,20191110,0700/
162,20191110,0800/
180,20191110,0900/
187,20191110,1000/
185,20191110,1100/
170,20191110,1200/
144,20191110,1300/
116,20191110,1400/
96,20191110,1500/
91,20191110,1600/
101,20191110,1700/
124,20191110,1800/
155,20191110,1900/
187,20191110,2000/
210,20191110,2100/
219,20191110,2200/
211,20191110,2300/
191,20191111,0000/
157,20191111,0100/
118,20191111,0200/
86,20191111,0300/
67,20191111,0400/
65,20191111,0500/
78,20191111,0600/
105,20191111,0700/
141,20191111,0800/
174,20191111,0900/
193,20191111,1000/
201,20191111,1100/
192,20191111,1200/
168,20191111,1300/
134,20191111,1400/
101,20191111,1500/
84,20191111,1600/
85,20191111,1700/
104,20191111,1800/
136,20191111,1900/
175,20191111,2000/
206,20191111,2100/
223,20191111,2200/
224,20191111,2300/
206,20191112,0000/
174,20191112,0100/
130,20191112,0200/
88,20191112,0300/
58,20191112,0400/
49,20191112,0500/
55,20191112,0600/
78,20191112,0700/
116,20191112,0800/
155,20191112,0900/
188,20191112,1000/
205,20191112,1100/
203,20191112,1200/
187,20191112,1300/
153,20191112,1400/
115,20191112,1500/
87,20191112,1600/
78,20191112,1700/
90,20191112,1800/
118,20191112,1900/
156,20191112,2000/
195,20191112,2100/
225,20191112,2200/
235,20191112,2300/
227,20191113,0000/
199,20191113,0100/
154,20191113,0200/
105,20191113,0300/
63,20191113,0400/
41,20191113,0500/
39,20191113,0600/
58,20191113,0700/
93,20191113,0800/
137,20191113,0900/
177,20191113,1000/
202,20191113,1100/
213,20191113,1200/
203,20191113,1300/
175,20191113,1400/
134,20191113,1500/
98,20191113,1600/
80,20191113,1700/
82,20191113,1800/
106,20191113,1900/
142,20191113,2000/
185,20191113,2100/
221,20191113,2200/
242,20191113,2300/
242,20191114,0000/
222,20191114,0100/
181,20191114,0200/
128,20191114,0300/
79,20191114,0400/
44,20191114,0500/
31,20191114,0600/
39,20191114,0700/
67,20191114,0800/
108,20191114,0900/
153,20191114,1000/
188,20191114,1100/
208,20191114,1200/
209,20191114,1300/
190,20191114,1400/
153,20191114,1500/
114,20191114,1600/
85,20191114,1700/
80,20191114,1800/
93,20191114,1900/
127,20191114,2000/
167,20191114,2100/
207,20191114,2200/
236,20191114,2300/
247,20191115,0000/
234,20191115,0100/
201,20191115,0200/
153,20191115,0300/
98,20191115,0400/
54,20191115,0500/
29,20191115,0600/
28,20191115,0700/
42,20191115,0800/
78,20191115,0900/
125,20191115,1000/
167,20191115,1100/
195,20191115,1200/
205,20191115,1300/
197,20191115,1400/
171,20191115,1500/
132,20191115,1600/
94,20191115,1700/
77,20191115,1800/
81,20191115,1900/
108,20191115,2000/
145,20191115,2100/
187,20191115,2200/
223,20191115,2300/
241,20191116,0000/
238,20191116,0100/
214,20191116,0200/
171,20191116,0300/
120,20191116,0400/
70,20191116,0500/
37,20191116,0600/
21,20191116,0700/
27,20191116,0800/
52,20191116,0900/
92,20191116,1000/
139,20191116,1100/
176,20191116,1200/
196,20191116,1300/
197,20191116,1400/
180,20191116,1500/
149,20191116,1600/
110,20191116,1700/
85,20191116,1800/
77,20191116,1900/
95,20191116,2000/
126,20191116,2100/
166,20191116,2200/
205,20191116,2300/
232,20191117,0000/
242,20191117,0100/
229,20191117,0200/
195,20191117,0300/
148,20191117,0400/
101,20191117,0500/
60,20191117,0600/
35,20191117,0700/
28,20191117,0800/
43,20191117,0900/
76,20191117,1000/
117,20191117,1100/
159,20191117,1200/
187,20191117,1300/
196,20191117,1400/
191,20191117,1500/
169,20191117,1600/
133,20191117,1700/
102,20191117,1800/
87,20191117,1900/
92,20191117,2000/
115,20191117,2100/
148,20191117,2200/
183,20191117,2300/
212,20191118,0000/
230,20191118,0100/
233,20191118,0200/
213,20191118,0300/
179,20191118,0400/
132,20191118,0500/
92,20191118,0600/
58,20191118,0700/
45,20191118,0800/
48,20191118,0900/
70,20191118,1000/
100,20191118,1100/
142,20191118,1200/
172,20191118,1300/
190,20191118,1400/
194,20191118,1500/
181,20191118,1600/
156,20191118,1700/
126,20191118,1800/
104,20191118,1900/
99,20191118,2000/
114,20191118,2100/
140,20191118,2200/
168,20191118,2300/
197,20191119,0000/
220,20191119,0100/
229,20191119,0200/
218,20191119,0300/
193,20191119,0400/
160,20191119,0500/
126,20191119,0600/
97,20191119,0700/
75,20191119,0800/
68,20191119,0900/
74,20191119,1000/
92,20191119,1100/
123,20191119,1200/
152,20191119,1300/
176,20191119,1400/
186,20191119,1500/
186,20191119,1600/
171,20191119,1700/
147,20191119,1800/
125,20191119,1900/
112,20191119,2000/
111,20191119,2100/
123,20191119,2200/
144,20191119,2300/
168,20191120,0000/
190,20191120,0100/
202,20191120,0200/
205,20191120,0300/
194,20191120,0400/
175,20191120,0500/
148,20191120,0600/
117,20191120,0700/
92,20191120,0800/
75,20191120,0900/
70,20191120,1000/
77,20191120,1100/
94,20191120,1200/
121,20191120,1300/
146,20191120,1400/
165,20191120,1500/
174,20191120,1600/
173,20191120,1700/
165,20191120,1800/
151,20191120,1900/
132,20191120,2000/
121,20191120,2100/
120,20191120,2200/
126,20191120,2300/
137,20191121,0000/
154,20191121,0100/
171,20191121,0200/
183,20191121,0300/
186,20191121,0400/
182,20191121,0500/
170,20191121,0600/
151,20191121,0700/
129,20191121,0800/
109,20191121,0900/
95,20191121,1000/
90,20191121,1100/
95,20191121,1200/
110,20191121,1300/
130,20191121,1400/
150,20191121,1500/
168,20191121,1600/
177,20191121,1700/
181,20191121,1800/
175,20191121,1900/
162,20191121,2000/
149,20191121,2100/
136,20191121,2200/
128,20191121,2300/
127,20191122,0000/
135,20191122,0100/
143,20191122,0200/
156,20191122,0300/
167,20191122,0400/
175,20191122,0500/
177,20191122,0600/
171,20191122,0700/
159,20191122,0800/
140,20191122,0900/
122,20191122,1000/
106,20191122,1100/
98,20191122,1200/
99,20191122,1300/
109,20191122,1400/
125,20191122,1500/
146,20191122,1600/
168,20191122,1700/
184,20191122,1800/
191,20191122,1900/
190,20191122,2000/
177,20191122,2100/
158,20191122,2200/
138,20191122,2300/
121,20191123,0000/
112,20191123,0100/
111,20191123,0200/
119,20191123,0300/
132,20191123,0400/
148,20191123,0500/
164,20191123,0600/
177,20191123,0700/
178,20191123,0800/
172,20191123,0900/
157,20191123,1000/
136,20191123,1100/
114,20191123,1200/
100,20191123,1300/
98,20191123,1400/
105,20191123,1500/
124,20191123,1600/
149,20191123,1700/
176,20191123,1800/
199,20191123,1900/
211,20191123,2000/
209,20191123,2100/
193,20191123,2200/
165,20191123,2300/
133,20191124,0000/
105,20191124,0100/
87,20191124,0200/
83,20191124,0300/
89,20191124,0400/
108,20191124,0500/
132,20191124,0600/
158,20191124,0700/
178,20191124,0800/
186,20191124,0900/
181,20191124,1000/
166,20191124,1100/
143,20191124,1200/
116,20191124,1300/
96,20191124,1400/
91,20191124,1500/
101,20191124,1600/
123,20191124,1700/
154,20191124,1800/
188,20191124,1900/
215,20191124,2000/
228,20191124,2100/
223,20191124,2200/
201,20191124,2300/
166,20191125,0000/
125,20191125,0100/
89,20191125,0200/
67,20191125,0300/
60,20191125,0400/
67,20191125,0500/
90,20191125,0600/
124,20191125,0700/
158,20191125,0800/
185,20191125,0900/
199,20191125,1000/
196,20191125,1100/
177,20191125,1200/
147,20191125,1300/
112,20191125,1400/
88,20191125,1500/
85,20191125,1600/
100,20191125,1700/
132,20191125,1800/
171,20191125,1900/
210,20191125,2000/
236,20191125,2100/
241,20191125,2200/
231,20191125,2300/
201,20191126,0000/
156,20191126,0100/
106,20191126,0200/
67,20191126,0300/
41,20191126,0400/
37,20191126,0500/
52,20191126,0600/
87,20191126,0700/
131,20191126,0800/
172,20191126,0900/
202,20191126,1000/
213,20191126,1100/
205,20191126,1200/
180,20191126,1300/
142,20191126,1400/
105,20191126,1500/
84,20191126,1600/
86,20191126,1700/
110,20191126,1800/
147,20191126,1900/
191,20191126,2000/
231,20191126,2100/
256,20191126,2200/
257,20191126,2300/
237,20191127,0000/
198,20191127,0100/
144,20191127,0200/
90,20191127,0300/
48,20191127,0400/
27,20191127,0500/
31,20191127,0600/
57,20191127,0700/
96,20191127,0800/
147,20191127,0900/
187,20191127,1000/
211,20191127,1100/
215,20191127,1200/
203,20191127,1300/
171,20191127,1400/
128,20191127,1500/
93,20191127,1600/
81,20191127,1700/
89,20191127,1800/
120,20191127,1900/
163,20191127,2000/
210,20191127,2100/
245,20191127,2200/
261,20191127,2300/
258,20191128,0000/
229,20191128,0100/
181,20191128,0200/
123,20191128,0300/
74,20191128,0400/
35,20191128,0500/
20,20191128,0600/
29,20191128,0700/
64,20191128,0800/
108,20191128,0900/
159,20191128,1000/
199,20191128,1100/
218,20191128,1200/
216,20191128,1300/
196,20191128,1400/
160,20191128,1500/
117,20191128,1600/
89,20191128,1700/
83,20191128,1800/
100,20191128,1900/
135,20191128,2000/
181,20191128,2100/
224,20191128,2200/
252,20191128,2300/
259,20191129,0000/
247,20191129,0100/
210,20191129,0200/
158,20191129,0300/
100,20191129,0400/
52,20191129,0500/
25,20191129,0600/
17,20191129,0700/
36,20191129,0800/
73,20191129,0900/
121,20191129,1000/
169,20191129,1100/
202,20191129,1200/
215,20191129,1300/
210,20191129,1400/
183,20191129,1500/
141,20191129,1600/
103,20191129,1700/
83,20191129,1800/
88,20191129,1900/
113,20191129,2000/
150,20191129,2100/
193,20191129,2200/
233,20191129,2300/
253,20191130,0000/
252,20191130,0100/
229,20191130,0200/
188,20191130,0300/
134,20191130,0400/
84,20191130,0500/
47,20191130,0600/
29,20191130,0700/
34,20191130,0800/
61,20191130,0900/
104,20191130,1000/
153,20191130,1100/
191,20191130,1200/
213,20191130,1300/
216,20191130,1400/
199,20191130,1500/
169,20191130,1600/
130,20191130,1700/
102,20191130,1800/
95,20191130,1900/
110,20191130,2000/
139,20191130,2100/
169,20191130,2200/
205,20191130,2300/
