Dep_ID,month_UTC,light_reg,n_days,n_hours,bal_count,hbw_count,fish_c_count,dol_count,ves_count,mnk_count,spwh_count,shr_count,bal_pres,hbw_pres,fish_c_pres,dol_pres,ves_pres,mnk_pres,spwh_pres,shr_pres,tidal_mag_m,mean_water_temp_C,mean_wind_m_sec,mean_wind_km_h,rain_month_avg_mm,wind_am_month_avg_kmh,wind_pm_month_avg_kmh
CGMP_201807_CG,7,day,31,317,0,305,13,15,147,1,0,17,0,0.9621451104100947,0.04100946372239748,0.0473186119873817,0.4637223974763407,0.0031545741324921135,0,0.05362776025236593,1.393,16.30820189274448,4.630914826498422,16.67129337539432,97.6,13.5,18.1
CGMP_201807_CG,7,night,31,357,0,355,83,63,39,1,0,32,0,0.9943977591036415,0.23249299719887956,0.17647058823529413,0.1092436974789916,0.0028011204481792717,0,0.0896358543417367,2.0029999999999997,16.3781512605042,4.011764705882353,14.442352941176472,97.6,13.5,18.1
CGMP_201807_CG,7,twilight,31,63,0,61,16,4,20,0,0,42,0,0.9682539682539683,0.25396825396825395,0.06349206349206349,0.31746031746031744,0,0,0.6666666666666666,1.5819999999999999,16.366666666666667,4.103174603174603,14.771428571428572,97.6,13.5,18.1
CGMP_201812_CG,1,day,31,414,0,3,18,28,140,0,0,3,0,0.007246376811594203,0.043478260869565216,0.06763285024154589,0.33816425120772947,0,0,0.007246376811594203,1.9860000000000002,21.408454106280193,3.2628019323671498,11.74608695652174,152.3,14.4,21.4
CGMP_201812_CG,1,night,31,259,1,13,66,52,14,0,0,41,0.003861003861003861,0.05019305019305019,0.2548262548262548,0.20077220077220076,0.05405405405405406,0,0,0.1583011583011583,1.2120000000000002,21.47876447876448,2.777606177606178,9.99938223938224,152.3,14.4,21.4
CGMP_201812_CG,1,twilight,31,71,0,0,33,1,13,0,0,49,0,0,0.4647887323943662,0.014084507042253521,0.18309859154929578,0,0,0.6901408450704225,1.408,21.407042253521126,2.808450704225352,10.110422535211267,152.3,14.4,21.4
CGMP_201812_CG,2,day,20,249,1,0,15,17,74,0,0,10,0.004016064257028112,0,0.060240963855421686,0.06827309236947791,0.2971887550200803,0,0,0.040160642570281124,1.9560000000000002,21.79317269076305,4.038152610441767,14.537349397590361,178.1,13.7,20.7
CGMP_201812_CG,2,night,19,171,2,6,77,23,10,0,0,15,0.011695906432748537,0.03508771929824561,0.4502923976608187,0.13450292397660818,0.05847953216374269,0,0,0.08771929824561403,1.271,21.84561403508772,2.757309941520468,9.926315789473684,178.1,13.7,20.7
CGMP_201812_CG,2,twilight,19,38,2,0,27,0,12,0,0,33,0.05263157894736842,0,0.7105263157894737,0,0.3157894736842105,0,0,0.868421052631579,1.196,21.9,3.15,11.34,178.1,13.7,20.7
CGMP_201812_CG,12,day,21,282,2,8,21,31,53,0,0,11,0.0070921985815602835,0.028368794326241134,0.07446808510638298,0.1099290780141844,0.1879432624113475,0,0,0.03900709219858156,1.869,20.880141843971632,3.1425531914893616,11.313191489361703,126.5,14.3,21
CGMP_201812_CG,12,night,20,160,0,24,27,41,9,0,0,10,0,0.15,0.16875,0.25625,0.05625,0,0,0.0625,1.213,20.91875,2.975,10.71,126.5,14.3,21
CGMP_201812_CG,12,twilight,20,40,0,0,14,2,2,0,0,39,0,0,0.35,0.05,0.05,0,0,0.975,1.287,21.05,3.16,11.376,126.5,14.3,21
CGMP_201904_CG,4,day,21,223,0,0,24,10,72,2,0,12,0,0,0.10762331838565023,0.04484304932735426,0.32286995515695066,0.008968609865470852,0,0.053811659192825115,1.58,21.258295964125562,3.0780269058295966,11.080896860986547,167.3,13.4,18.5
CGMP_201904_CG,4,night,21,226,0,0,32,26,13,7,0,17,0,0,0.1415929203539823,0.11504424778761062,0.05752212389380531,0.030973451327433628,0,0.0752212389380531,1.628,21.23982300884956,2.3451327433628317,8.442477876106194,167.3,13.4,18.5
CGMP_201904_CG,4,twilight,21,41,0,0,10,3,13,0,0,13,0,0,0.24390243902439024,0.07317073170731707,0.3170731707317073,0,0,0.3170731707317073,1.365,21.278048780487804,2.5634146341463415,9.22829268292683,167.3,13.4,18.5
CGMP_201904_CG,5,day,31,320,0,10,13,44,125,81,0,11,0,0.03125,0.040625,0.1375,0.390625,0.253125,0,0.034375,1.374,20.6421875,4.3559375,15.681375000000001,144.3,13.3,16.8
CGMP_201904_CG,5,night,31,363,0,15,91,99,24,97,0,49,0,0.04132231404958678,0.25068870523415976,0.2727272727272727,0.06611570247933884,0.26721763085399447,0,0.1349862258953168,1.6749999999999998,20.688980716253443,4.076308539944904,14.674710743801652,144.3,13.3,16.8
CGMP_201904_CG,5,twilight,31,61,0,4,27,7,13,11,0,33,0,0.06557377049180328,0.4426229508196721,0.11475409836065574,0.21311475409836064,0.18032786885245902,0,0.5409836065573771,1.326,20.634426229508197,4.170491803278688,15.013770491803278,144.3,13.3,16.8
CGMP_201904_CG,6,day,24,237,0,157,7,35,82,33,0,1,0,0.6624472573839663,0.029535864978902954,0.14767932489451477,0.3459915611814346,0.13924050632911392,0,0.004219409282700422,1.297,19.390295358649787,4.069620253164557,14.650632911392405,133.2,13.8,17.3
CGMP_201904_CG,6,night,24,282,0,240,42,50,20,35,0,29,0,0.851063829787234,0.14893617021276595,0.1773049645390071,0.07092198581560284,0.12411347517730496,0,0.10283687943262411,1.792,19.408156028368793,3.5971631205673757,12.949787234042553,133.2,13.8,17.3
CGMP_201904_CG,6,twilight,24,47,0,40,14,3,12,3,0,40,0,0.851063829787234,0.2978723404255319,0.06382978723404255,0.2553191489361702,0.06382978723404255,0,0.851063829787234,1.44,19.408510638297873,3.4382978723404256,12.377872340425531,133.2,13.8,17.3
DAMPIER_202009_DNE,9,day,23,268,0,188,104,52,40,0,0,23,0,0.7014925373134329,0.3880597014925373,0.19402985074626866,0.14925373134328357,0,0,0.08582089552238806,9.551,27.143333333333334,4.994029850746268,17.97850746268657,1.4,19.2,26.3
DAMPIER_202009_DNE,9,night,23,250,0,183,67,35,23,0,0,43,0,0.732,0.268,0.14,0.092,0,0,0.172,9.529,27.149489795918367,4.126,14.8536,1.4,19.2,26.3
DAMPIER_202009_DNE,9,twilight,20,20,0,15,9,4,2,0,0,0,0,0.75,0.45,0.2,0.1,0,0,0,5.4879999999999995,27.011764705882353,3.885,13.986,1.4,19.2,26.3
DAMPIER_202009_DNE,10,day,31,403,0,68,320,50,43,0,0,28,0,0.1687344913151365,0.794044665012407,0.12406947890818859,0.10669975186104218,0,0,0.06947890818858561,9.332999999999998,27.312987012987012,5.725897435897436,20.613230769230768,0.4,19.7,28.4
DAMPIER_202009_DNE,10,night,31,291,0,74,148,5,12,0,0,34,0,0.2542955326460481,0.5085910652920962,0.01718213058419244,0.041237113402061855,0,0,0.11683848797250859,8.689,27.30787037037037,5.202127659574468,18.727659574468085,0.4,19.7,28.4
DAMPIER_202009_DNE,10,twilight,25,50,0,5,40,2,4,0,0,30,0,0.1,0.8,0.04,0.08,0,0,0.6,5.763,27.36875,4.641666666666667,16.71,0.4,19.7,28.4
MURAT_202002_MRE,2,day,23,290,25,0,17,21,0,0,0,7,0.08620689655172414,0,0.05862068965517241,0.07241379310344828,0,0,0,0.02413793103448276,0.9570000000000001,21.304577464788732,NA,NA,13.6,17,26.7
MURAT_202002_MRE,2,night,23,203,10,0,43,16,0,0,0,24,0.04926108374384237,0,0.21182266009852216,0.07881773399014778,0,0,0,0.11822660098522167,1.113,21.365128205128205,NA,NA,13.6,17,26.7
MURAT_202002_MRE,2,twilight,23,45,2,0,19,4,0,0,0,34,0.044444444444444446,0,0.4222222222222222,0.08888888888888889,0,0,0,0.7555555555555555,0.7430000000000001,21.371111111111112,NA,NA,13.6,17,26.7
MURAT_202002_MRE,3,day,31,372,29,0,5,146,0,0,2,22,0.07795698924731183,0,0.013440860215053764,0.3924731182795699,0,0,0.005376344086021506,0.05913978494623656,1.2850000000000001,19.509485094850948,NA,NA,15.8,15.7,24.6
MURAT_202002_MRE,3,night,31,310,9,0,57,108,2,0,1,46,0.02903225806451613,0,0.18387096774193548,0.34838709677419355,0.0064516129032258064,0,0.0032258064516129032,0.14838709677419354,1.125,19.569381107491857,NA,NA,15.8,15.7,24.6
MURAT_202002_MRE,3,twilight,31,62,9,0,59,14,0,0,1,25,0.14516129032258066,0,0.9516129032258065,0.22580645161290322,0,0,0.016129032258064516,0.4032258064516129,1.08,19.536065573770493,NA,NA,15.8,15.7,24.6
MURAT_202002_MRE,4,day,30,332,8,0,7,77,0,0,3,10,0.024096385542168676,0,0.02108433734939759,0.2319277108433735,0,0,0.009036144578313253,0.030120481927710843,1.1800000000000002,19.266237942122185,NA,NA,19.9,14.2,21.3
MURAT_202002_MRE,4,night,30,330,11,0,38,54,0,0,1,46,0.03333333333333333,0,0.11515151515151516,0.16363636363636364,0,0,0.0030303030303030303,0.1393939393939394,1.002,19.299065420560748,NA,NA,19.9,14.2,21.3
MURAT_202002_MRE,4,twilight,30,58,3,0,22,7,0,0,0,34,0.05172413793103448,0,0.3793103448275862,0.1206896551724138,0,0,0,0.5862068965517241,0.8070000000000002,19.28035714285714,NA,NA,19.9,14.2,21.3
NINGALOO_201909_NGN,10,day,31,391,0,191,14,26,14,0,0,32,0,0.4884910485933504,0.03580562659846547,0.06649616368286446,0.03580562659846547,0,0,0.08184143222506395,2.26,NA,NA,NA,1.4,21,23.6
NINGALOO_201909_NGN,10,night,31,299,0,218,32,20,5,0,0,30,0,0.7290969899665551,0.10702341137123746,0.06688963210702341,0.016722408026755852,0,0,0.10033444816053512,2.21,NA,NA,NA,1.4,21,23.6
NINGALOO_201909_NGN,10,twilight,31,54,0,36,30,1,4,0,0,31,0,0.6666666666666666,0.5555555555555556,0.018518518518518517,0.07407407407407407,0,0,0.5740740740740741,1.53,NA,NA,NA,1.4,21,23.6
NINGALOO_201909_NGN,11,day,17,221,0,12,3,21,8,1,0,15,0,0.05429864253393665,0.013574660633484163,0.09502262443438914,0.03619909502262444,0.004524886877828055,0,0.06787330316742081,2,NA,NA,NA,1.8,21.5,24.7
NINGALOO_201909_NGN,11,night,17,153,0,70,34,11,1,0,0,11,0,0.45751633986928103,0.2222222222222222,0.0718954248366013,0.006535947712418301,0,0,0.0718954248366013,1.8900000000000001,NA,NA,NA,1.8,21.5,24.7
NINGALOO_201909_NGN,11,twilight,17,34,0,8,17,1,4,0,0,25,0,0.23529411764705882,0.5,0.029411764705882353,0.11764705882352941,0,0,0.7352941176470589,1.37,NA,NA,NA,1.8,21.5,24.7
SIMP_201808_WP,8,day,23,243,3,243,34,17,93,0,0,22,0.012345679012345678,1,0.13991769547325103,0.06995884773662552,0.38271604938271603,0,0,0.09053497942386832,1.3250000000000002,15.098765432098766,5.372427983539095,19.340740740740742,79.5,11.5,18.2
SIMP_201808_WP,8,night,22,242,3,242,68,61,15,0,0,23,0.012396694214876033,1,0.2809917355371901,0.25206611570247933,0.06198347107438017,0,0,0.09504132231404959,1.977,15.076446280991735,4.546280991735538,16.366611570247933,79.5,11.5,18.2
SIMP_201808_WP,8,twilight,22,44,2,44,22,6,8,0,0,20,0.045454545454545456,1,0.5,0.13636363636363635,0.18181818181818182,0,0,0.45454545454545453,1.532,15.086363636363636,4.679545454545455,16.846363636363638,79.5,11.5,18.2
SIMP_201812_WP,12,day,20,280,0,10,19,1,51,0,0,20,0,0.03571428571428571,0.06785714285714285,0.0035714285714285713,0.18214285714285713,0,0,0.07142857142857142,1.869,20.884642857142858,3.157857142857143,11.368285714285715,144.9,15.1,22.5
SIMP_201812_WP,12,night,20,160,0,0,28,15,0,0,0,2,0,0,0.175,0.09375,0,0,0,0.0125,1.213,20.91875,2.975,10.71,144.9,15.1,22.5
SIMP_201812_WP,12,twilight,20,40,0,0,40,1,3,0,0,38,0,0,1,0.025,0.075,0,0,0.95,1.287,21.05,3.16,11.376,144.9,15.1,22.5
SIMP_201906_WP,6,day,22,213,0,195,35,6,29,100,0,0,0,0.9154929577464789,0.1643192488262911,0.028169014084507043,0.13615023474178403,0.4694835680751174,0,0,1.218,18.74788732394366,3.775586854460094,13.592112676056338,120.8,10.5,14.7
SIMP_201906_WP,6,night,22,258,0,231,36,35,6,101,0,22,0,0.8953488372093024,0.13953488372093023,0.13565891472868216,0.023255813953488372,0.39147286821705424,0,0.08527131782945736,1.597,18.761627906976745,3.532170542635659,12.715813953488372,120.8,10.5,14.7
SIMP_201906_WP,6,twilight,22,43,0,39,22,1,2,13,0,38,0,0.9069767441860465,0.5116279069767442,0.023255813953488372,0.046511627906976744,0.3023255813953488,0,0.8837209302325582,1.214,18.769767441860466,3.402325581395349,12.248372093023256,120.8,10.5,14.7
SIMP_201906_WP,7,day,31,328,0,328,37,16,76,25,0,18,0,1,0.11280487804878049,0.04878048780487805,0.23170731707317074,0.07621951219512195,0,0.054878048780487805,1.613,16.635670731707318,4.592378048780488,16.532560975609755,72.5,10.3,15.5
SIMP_201906_WP,7,night,31,355,0,353,19,70,7,19,0,23,0,0.9943661971830986,0.05352112676056338,0.19718309859154928,0.01971830985915493,0.05352112676056338,0,0.0647887323943662,1.944,16.68338028169014,4.165352112676056,14.995267605633803,72.5,10.3,15.5
SIMP_201906_WP,7,twilight,31,61,0,61,9,6,4,4,0,52,0,1,0.14754098360655737,0.09836065573770492,0.06557377049180328,0.06557377049180328,0,0.8524590163934426,1.762,16.7,3.762295081967213,13.544262295081968,72.5,10.3,15.5
SWC_202201_SWS,2,day,28,372,0,0,12,127,68,0,5,0,0,0,0.03225806451612903,0.34139784946236557,0.1827956989247312,0,0.013440860215053764,0,0.948,24.563709677419354,3.245430107526882,11.683548387096774,11.6,28.2,30.5
SWC_202201_SWS,2,night,28,242,0,0,7,45,40,0,0,0,0,0,0.028925619834710745,0.1859504132231405,0.1652892561983471,0,0,0,0.8820000000000001,24.728512396694214,2.6388429752066114,9.499834710743801,11.6,28.2,30.5
SWC_202201_SWS,2,twilight,28,58,0,0,24,19,11,0,0,0,0,0,0.41379310344827586,0.3275862068965517,0.1896551724137931,0,0,0,0.8640000000000001,24.662068965517243,2.825862068965517,10.173103448275862,11.6,28.2,30.5
SWC_202201_SWS,3,day,31,372,5,0,7,108,63,0,2,0,0.013440860215053764,0,0.01881720430107527,0.2903225806451613,0.1693548387096774,0,0.005376344086021506,0,0.92,23.42311827956989,3.3849462365591396,12.185806451612903,23,26.6,27
SWC_202201_SWS,3,night,31,310,15,0,12,59,45,0,2,0,0.04838709677419355,0,0.03870967741935484,0.19032258064516128,0.14516129032258066,0,0.0064516129032258064,0,0.8540000000000001,23.473548387096773,2.6206451612903225,9.434322580645162,23,26.6,27
SWC_202201_SWS,3,twilight,31,62,1,0,17,15,13,0,0,0,0.016129032258064516,0,0.27419354838709675,0.24193548387096775,0.20967741935483872,0,0,0,0.896,23.461290322580645,2.935483870967742,10.567741935483872,23,26.6,27
