"","Begin_Date","Begin_Hour","Dolphin_BP","Mn_","Mn_nsong","Mn_other","Mn_social","Mn_song","fish_","fish_c","fish_p","minke_faint","minke_sw","uk_uk","dol_w","Notes","SiteID"
"1",2019-06-10,0,NA,NA,NA,NA,NA,NA,NA,0,0,NA,NA,0,0,NA,"WP"
"2",2019-06-10,1,NA,NA,NA,NA,NA,NA,NA,0,0,NA,NA,0,0,NA,"WP"
"3",2019-06-10,2,NA,NA,NA,NA,NA,NA,NA,0,0,NA,NA,0,0,NA,"WP"
"4",2019-06-10,3,NA,NA,NA,NA,NA,NA,NA,0,0,NA,NA,0,0,NA,"WP"
"5",2019-06-10,4,NA,NA,NA,NA,NA,NA,NA,0,0,NA,NA,0,0,NA,"WP"
"6",2019-06-10,5,NA,NA,NA,NA,NA,NA,NA,0,0,NA,NA,0,0,NA,"WP"
"7",2019-06-10,6,NA,NA,NA,NA,NA,NA,NA,0,0,NA,NA,0,0,NA,"WP"
"8",2019-06-10,7,NA,NA,NA,NA,NA,NA,NA,0,0,NA,NA,0,0,NA,"WP"
"9",2019-06-10,8,NA,NA,NA,NA,NA,NA,NA,0,0,NA,NA,0,0,NA,"WP"
"10",2019-06-10,9,NA,NA,NA,NA,NA,NA,NA,0,0,NA,NA,0,0,NA,"WP"
"11",2019-06-10,10,NA,NA,NA,NA,NA,NA,NA,0,0,NA,NA,0,0,NA,"WP"
"12",2019-06-10,11,NA,NA,NA,NA,NA,NA,NA,0,0,NA,NA,0,0,NA,"WP"
"13",2019-06-10,12,NA,NA,NA,NA,NA,NA,NA,0,0,NA,NA,0,0,NA,"WP"
"14",2019-06-10,13,NA,NA,NA,NA,NA,NA,NA,0,0,NA,NA,0,0,NA,"WP"
"15",2019-06-10,14,NA,NA,NA,NA,NA,NA,NA,0,0,NA,NA,0,0,NA,"WP"
"16",2019-06-10,15,NA,NA,NA,NA,NA,NA,NA,0,0,NA,NA,0,0,NA,"WP"
"17",2019-06-10,16,NA,NA,NA,NA,NA,NA,NA,0,0,NA,NA,0,0,NA,"WP"
"18",2019-06-10,17,NA,NA,NA,NA,NA,NA,NA,0,0,NA,NA,0,0,NA,"WP"
"19",2019-06-10,18,NA,NA,NA,NA,NA,NA,NA,0,0,NA,NA,0,0,NA,"WP"
"20",2019-06-10,19,NA,NA,NA,NA,NA,NA,NA,0,0,NA,NA,0,0,NA,"WP"
"21",2019-06-10,20,NA,NA,NA,NA,NA,NA,NA,0,0,NA,NA,0,0,NA,"WP"
"22",2019-06-10,21,NA,NA,NA,NA,NA,NA,NA,0,0,NA,NA,0,0,NA,"WP"
"23",2019-06-10,22,NA,NA,NA,NA,NA,NA,NA,0,0,NA,NA,0,0,NA,"WP"
"24",2019-06-10,23,NA,NA,NA,NA,NA,NA,NA,0,0,NA,NA,0,0,NA,"WP"
"25",2019-06-11,0,NA,NA,NA,NA,NA,NA,NA,0,0,NA,NA,0,0,NA,"WP"
"26",2019-06-11,1,NA,NA,NA,NA,NA,NA,NA,0,0,NA,NA,0,0,NA,"WP"
"27",2019-06-11,2,NA,NA,NA,NA,NA,NA,NA,0,0,NA,NA,0,0,NA,"WP"
"28",2019-06-11,3,NA,NA,NA,NA,NA,NA,NA,0,0,NA,NA,0,0,NA,"WP"
"29",2019-06-11,4,NA,NA,NA,NA,NA,NA,NA,0,0,NA,NA,0,0,NA,"WP"
"30",2019-06-11,5,NA,NA,NA,NA,NA,NA,NA,0,0,NA,NA,0,0,NA,"WP"
"31",2019-06-11,6,NA,NA,NA,NA,NA,NA,NA,0,0,NA,NA,0,0,NA,"WP"
"32",2019-06-11,7,NA,NA,NA,NA,NA,NA,NA,0,0,NA,NA,0,0,NA,"WP"
"33",2019-06-11,8,NA,NA,NA,NA,NA,NA,NA,0,0,NA,NA,0,0,NA,"WP"
"34",2019-06-11,9,NA,NA,NA,NA,NA,NA,NA,0,0,NA,NA,0,0,NA,"WP"
"35",2019-06-11,10,NA,NA,NA,NA,NA,NA,NA,0,0,NA,NA,0,0,NA,"WP"
"36",2019-06-11,11,0,0,0,0,0,1,0,0,0,0,1,0,0,NA,"WP"
"37",2019-06-11,12,0,0,0,0,0,3,0,0,0,0,1,0,0,"; ; ; ","WP"
"38",2019-06-11,13,0,0,0,0,0,1,0,0,0,0,1,0,0,NA,"WP"
"39",2019-06-11,14,0,0,0,0,0,1,0,0,0,0,1,0,1,NA,"WP"
"40",2019-06-11,15,0,0,0,0,0,1,0,0,0,0,1,0,0,NA,"WP"
"41",2019-06-11,16,0,0,0,0,0,1,0,0,0,0,1,0,0,NA,"WP"
"42",2019-06-11,17,0,0,0,0,0,1,0,1,0,0,1,0,0,"; ; ","WP"
"43",2019-06-11,18,0,0,0,0,0,1,0,1,0,0,1,0,0,"; ; ","WP"
"44",2019-06-11,19,0,0,0,0,0,2,0,0,0,0,1,1,0,"; ; possible whale; ","WP"
"45",2019-06-11,20,0,0,0,0,0,1,0,0,0,0,0,0,1,NA,"WP"
"46",2019-06-11,21,0,0,0,0,0,1,0,0,0,0,0,0,1,NA,"WP"
"47",2019-06-11,22,0,0,0,0,0,1,0,0,0,0,0,0,0,NA,"WP"
"48",2019-06-11,23,0,0,0,1,0,1,0,0,0,0,0,0,0,NA,"WP"
"49",2019-06-12,0,0,0,0,0,0,2,0,0,0,0,0,0,0,NA,"WP"
"50",2019-06-12,1,0,0,0,0,0,1,0,0,0,0,1,0,0,NA,"WP"
"51",2019-06-12,2,0,0,0,0,0,1,0,0,0,0,0,0,0,NA,"WP"
"52",2019-06-12,3,0,0,0,0,0,1,0,0,0,0,1,0,0,NA,"WP"
"53",2019-06-12,4,0,0,0,0,0,1,0,0,0,0,0,0,0,NA,"WP"
"54",2019-06-12,5,0,0,0,0,0,1,0,0,0,0,0,0,0,NA,"WP"
"55",2019-06-12,6,0,0,0,0,0,1,0,1,0,0,0,2,0,"possible whale; ; possible whale; ","WP"
"56",2019-06-12,7,0,0,0,0,0,1,0,0,0,0,1,0,0,NA,"WP"
"57",2019-06-12,8,0,0,0,0,0,1,0,0,0,0,1,0,1,NA,"WP"
"58",2019-06-12,9,0,0,0,0,0,1,0,0,0,0,1,0,0,NA,"WP"
"59",2019-06-12,10,0,0,0,0,0,1,0,0,0,0,1,0,0,NA,"WP"
"60",2019-06-12,11,0,0,0,0,0,1,0,0,0,0,1,0,0,NA,"WP"
"61",2019-06-12,12,0,0,0,0,0,1,0,0,0,0,1,0,0,NA,"WP"
"62",2019-06-12,13,0,0,0,0,0,0,0,0,0,0,1,0,0,NA,"WP"
"63",2019-06-12,14,0,0,0,0,0,0,0,0,0,0,1,0,0,NA,"WP"
"64",2019-06-12,15,0,0,0,0,0,1,0,0,0,0,1,0,0,NA,"WP"
"65",2019-06-12,16,0,0,0,0,0,1,0,0,0,0,1,0,0,NA,"WP"
"66",2019-06-12,17,0,0,0,0,0,1,0,0,0,0,1,0,0,NA,"WP"
"67",2019-06-12,18,0,0,0,0,0,1,0,0,0,0,0,0,0,NA,"WP"
"68",2019-06-12,19,0,0,0,0,0,1,0,0,0,0,1,0,0,NA,"WP"
"69",2019-06-12,20,0,0,0,0,0,1,0,0,0,0,1,0,0,NA,"WP"
"70",2019-06-12,21,0,0,0,0,0,1,0,0,0,0,1,0,1,NA,"WP"
"71",2019-06-12,22,0,0,0,0,0,1,0,0,0,0,1,0,1,NA,"WP"
"72",2019-06-12,23,0,0,0,0,0,2,0,0,0,0,2,0,0,"; ; ; ","WP"
"73",2019-06-13,0,0,0,0,0,0,2,0,0,0,0,2,0,0,"; ; ; ","WP"
"74",2019-06-13,1,0,0,0,0,0,1,0,0,0,0,1,0,0,NA,"WP"
"75",2019-06-13,2,0,0,0,0,0,1,0,0,0,0,1,0,0,NA,"WP"
"76",2019-06-13,3,0,0,0,0,0,1,0,0,0,0,1,0,0,NA,"WP"
"77",2019-06-13,4,0,0,0,0,0,1,0,0,0,0,1,0,0,NA,"WP"
"78",2019-06-13,5,0,0,0,0,0,1,0,0,0,0,1,0,0,NA,"WP"
"79",2019-06-13,6,0,0,0,0,0,1,0,0,0,0,1,0,0,NA,"WP"
"80",2019-06-13,7,0,0,0,0,0,1,0,0,0,0,1,0,0,NA,"WP"
"81",2019-06-13,8,0,0,0,0,0,1,0,0,0,0,0,0,0,NA,"WP"
"82",2019-06-13,9,0,0,0,0,0,1,0,0,0,0,0,1,0,"possible whale; ","WP"
"83",2019-06-13,10,0,0,0,0,0,1,0,0,0,0,0,0,0,NA,"WP"
"84",2019-06-13,11,0,0,0,0,0,1,0,1,0,0,0,0,0,NA,"WP"
"85",2019-06-13,12,0,0,0,0,0,1,0,0,0,0,0,0,0,NA,"WP"
"86",2019-06-13,13,0,0,0,0,0,1,0,0,0,0,0,0,0,NA,"WP"
"87",2019-06-13,14,0,0,0,0,0,1,0,1,0,0,0,0,0,NA,"WP"
"88",2019-06-13,15,0,0,0,0,0,1,0,1,0,0,0,0,0,NA,"WP"
"89",2019-06-13,16,0,0,0,0,0,1,0,0,0,0,0,1,0,"; possible whale","WP"
"90",2019-06-13,17,0,0,0,0,0,3,0,1,0,0,0,0,0,"; ; ; ","WP"
"91",2019-06-13,18,0,0,0,0,0,1,0,0,0,0,0,0,0,NA,"WP"
"92",2019-06-13,19,0,0,0,0,0,1,0,0,0,0,0,0,0,NA,"WP"
"93",2019-06-13,20,0,0,0,0,0,1,0,0,0,0,0,0,0,NA,"WP"
"94",2019-06-13,21,0,0,0,0,0,1,0,0,0,0,0,0,0,NA,"WP"
"95",2019-06-13,22,0,0,0,0,0,1,0,0,0,0,0,0,0,NA,"WP"
"96",2019-06-13,23,0,0,0,0,0,1,0,0,0,0,0,0,0,NA,"WP"
"97",2019-06-14,0,0,0,0,0,0,2,0,0,0,0,0,0,0,NA,"WP"
"98",2019-06-14,1,0,0,0,0,0,1,0,0,0,0,0,0,0,NA,"WP"
"99",2019-06-14,2,0,0,0,0,0,1,0,0,0,0,0,0,0,NA,"WP"
"100",2019-06-14,3,0,0,0,0,0,1,0,0,0,0,0,0,0,NA,"WP"
"101",2019-06-14,4,0,0,0,0,0,1,0,0,0,0,1,0,1,"; faint","WP"
"102",2019-06-14,5,0,0,0,0,0,1,0,1,0,0,1,0,0,"; ; ","WP"
"103",2019-06-14,6,0,0,0,0,0,1,0,1,0,0,1,0,0,"; ; ","WP"
"104",2019-06-14,7,0,0,0,0,0,1,0,0,0,0,1,1,0,"; overlap with Mn song; possible whale","WP"
"105",2019-06-14,8,0,0,0,0,0,1,0,0,0,0,1,0,0,NA,"WP"
"106",2019-06-14,9,0,0,0,0,0,1,0,0,0,0,1,0,0,NA,"WP"
"107",2019-06-14,10,0,0,0,0,0,1,0,0,0,0,1,0,0,NA,"WP"
"108",2019-06-14,11,0,0,0,0,0,1,0,0,0,0,0,0,0,NA,"WP"
"109",2019-06-14,12,0,0,0,0,0,1,0,1,0,0,0,1,0,"; ; possible whale, doesn't fit with Mn song","WP"
"110",2019-06-14,13,0,0,0,0,0,1,0,1,0,0,1,0,0,"; ; ","WP"
"111",2019-06-14,14,0,0,0,0,0,1,0,1,0,0,0,0,0,NA,"WP"
"112",2019-06-14,15,0,0,0,0,0,1,0,1,0,0,0,0,0,NA,"WP"
"113",2019-06-14,16,0,0,0,0,0,1,0,1,0,0,0,0,0,NA,"WP"
"114",2019-06-14,17,0,0,0,0,0,1,0,1,0,0,0,0,0,NA,"WP"
"115",2019-06-14,18,0,0,0,0,0,1,0,1,0,0,0,0,1,NA,"WP"
"116",2019-06-14,19,0,0,0,0,0,1,0,1,0,0,0,0,1,NA,"WP"
"117",2019-06-14,20,0,0,0,0,0,1,0,1,0,0,0,1,1,"; ; possible whale","WP"
"118",2019-06-14,21,0,0,0,0,0,1,0,0,0,0,0,0,0,NA,"WP"
"119",2019-06-14,22,0,0,0,0,0,1,0,0,0,0,0,0,0,NA,"WP"
"120",2019-06-14,23,0,0,0,0,0,1,0,0,0,0,1,0,0,NA,"WP"
"121",2019-06-15,0,0,0,0,0,0,1,0,0,0,0,1,1,0,"; ; possible whale","WP"
"122",2019-06-15,1,0,0,0,0,0,1,0,0,0,0,1,0,0,NA,"WP"
"123",2019-06-15,2,0,0,0,0,0,1,0,0,0,0,1,0,0,NA,"WP"
"124",2019-06-15,3,0,0,0,0,0,1,0,0,0,0,1,0,0,NA,"WP"
"125",2019-06-15,4,0,0,0,0,0,1,0,0,0,0,1,0,0,NA,"WP"
"126",2019-06-15,5,0,0,0,0,0,2,0,1,0,0,2,1,0,"; ; ; ; ; possible whale","WP"
"127",2019-06-15,6,0,0,0,0,0,1,0,1,0,0,1,0,0,"; ; ","WP"
"128",2019-06-15,7,0,0,0,0,0,1,0,0,0,0,1,0,0,NA,"WP"
"129",2019-06-15,8,0,0,0,0,0,1,0,0,0,0,1,0,0,NA,"WP"
"130",2019-06-15,9,0,0,0,0,0,1,0,0,0,0,1,0,0,NA,"WP"
"131",2019-06-15,10,0,0,0,0,0,1,0,0,0,0,1,0,0,NA,"WP"
"132",2019-06-15,11,0,0,0,0,0,1,0,0,0,0,1,0,0,NA,"WP"
"133",2019-06-15,12,0,0,0,0,0,1,0,0,0,0,1,0,0,NA,"WP"
"134",2019-06-15,13,0,0,0,0,0,1,0,0,0,0,1,0,0,NA,"WP"
"135",2019-06-15,14,0,0,0,0,0,1,0,1,0,0,1,0,0,"; ; ","WP"
"136",2019-06-15,15,0,0,0,0,0,0,0,1,0,0,0,0,0,NA,"WP"
"137",2019-06-15,16,0,0,0,0,0,2,0,2,0,0,0,0,0,"; ; ; ","WP"
"138",2019-06-15,17,0,0,0,0,0,1,0,1,0,0,0,0,0,NA,"WP"
"139",2019-06-15,18,0,0,0,0,0,1,0,2,0,0,0,0,0,"; ; ","WP"
"140",2019-06-15,19,0,0,0,0,0,1,0,1,0,0,0,0,0,NA,"WP"
"141",2019-06-15,20,0,0,0,0,0,1,0,0,0,0,0,0,1,NA,"WP"
"142",2019-06-15,21,0,0,0,0,0,1,0,0,0,0,1,0,0,NA,"WP"
"143",2019-06-15,22,0,0,0,0,0,1,0,0,0,0,1,0,0,NA,"WP"
"144",2019-06-15,23,0,0,0,0,0,1,0,0,0,0,1,0,1,NA,"WP"
"145",2019-06-16,0,0,0,0,0,0,2,0,0,0,0,2,0,0,"; ; ; ","WP"
"146",2019-06-16,1,0,0,0,0,0,1,0,0,0,0,1,0,0,NA,"WP"
"147",2019-06-16,2,0,0,0,0,0,1,0,0,0,0,1,0,0,NA,"WP"
"148",2019-06-16,3,0,0,0,0,0,1,0,0,0,0,1,0,0,NA,"WP"
"149",2019-06-16,4,0,0,0,0,0,1,0,0,0,0,1,1,0,"; ; possible whale","WP"
"150",2019-06-16,5,0,0,0,0,0,1,0,1,0,0,1,0,0,"; ; ","WP"
"151",2019-06-16,6,0,0,0,0,0,1,0,1,0,0,0,0,0,NA,"WP"
"152",2019-06-16,7,0,0,0,0,0,1,0,0,0,0,1,0,0,"faint; ","WP"
"153",2019-06-16,8,0,0,0,0,0,0,0,0,0,0,1,0,0,NA,"WP"
"154",2019-06-16,9,0,0,0,0,0,1,0,0,0,0,1,1,0,"faint; ; possible whale","WP"
"155",2019-06-16,10,0,0,0,0,0,1,0,0,0,0,1,0,0,NA,"WP"
"156",2019-06-16,11,0,0,0,0,0,1,0,0,0,0,1,0,0,NA,"WP"
"157",2019-06-16,12,0,0,0,0,0,1,0,1,0,0,1,0,0,"; ; ","WP"
"158",2019-06-16,13,0,0,0,0,0,1,0,1,0,0,1,0,0,"; ; ","WP"
"159",2019-06-16,14,0,0,0,0,0,1,0,1,0,0,1,0,0,"; ; ","WP"
"160",2019-06-16,15,0,0,0,0,0,1,0,1,0,0,1,0,0,"; ; ","WP"
"161",2019-06-16,16,0,0,0,0,0,1,0,1,0,0,1,0,0,"; ; ","WP"
"162",2019-06-16,17,0,0,0,0,0,0,0,1,0,0,0,0,0,NA,"WP"
"163",2019-06-16,18,0,0,0,0,0,0,0,1,0,0,0,0,0,NA,"WP"
"164",2019-06-16,19,0,0,0,0,0,0,0,1,0,0,0,0,0,NA,"WP"
"165",2019-06-16,20,0,0,0,0,0,1,0,1,0,0,1,0,0,"; ; ","WP"
"166",2019-06-16,21,0,0,0,0,0,1,0,0,0,0,0,0,0,NA,"WP"
"167",2019-06-16,22,0,0,0,0,0,1,0,0,0,0,1,0,0,NA,"WP"
"168",2019-06-16,23,0,0,0,0,0,1,0,0,0,0,1,0,0,NA,"WP"
"169",2019-06-17,0,0,0,0,0,0,2,0,0,0,0,2,1,0,"; possible whale; ","WP"
"170",2019-06-17,1,0,0,0,0,0,1,0,0,0,0,1,0,0,NA,"WP"
"171",2019-06-17,2,0,0,0,0,0,1,0,0,0,0,1,0,0,NA,"WP"
"172",2019-06-17,3,0,0,0,0,0,1,0,0,0,0,1,0,0,NA,"WP"
"173",2019-06-17,4,0,0,0,0,0,1,0,1,0,0,1,0,0,NA,"WP"
"174",2019-06-17,5,0,0,0,0,0,1,0,0,0,0,1,0,0,NA,"WP"
"175",2019-06-17,6,0,0,0,0,0,1,0,0,0,0,1,0,0,NA,"WP"
"176",2019-06-17,7,0,0,0,0,0,1,0,0,0,0,0,0,0,NA,"WP"
"177",2019-06-17,8,0,0,0,0,0,1,0,0,0,0,0,0,0,NA,"WP"
"178",2019-06-17,9,0,0,0,0,0,1,0,0,0,0,1,0,0,NA,"WP"
"179",2019-06-17,10,0,0,0,0,0,1,0,1,0,0,0,0,0,NA,"WP"
"180",2019-06-17,11,0,0,0,0,0,1,0,1,0,0,1,0,1,NA,"WP"
"181",2019-06-17,12,0,0,0,0,0,1,0,1,0,0,1,0,0,NA,"WP"
"182",2019-06-17,13,0,0,0,0,0,1,0,1,0,0,1,0,0,NA,"WP"
"183",2019-06-17,14,0,0,0,0,0,1,0,1,0,0,0,0,0,NA,"WP"
"184",2019-06-17,15,0,0,0,0,0,1,0,1,0,0,0,0,0,NA,"WP"
"185",2019-06-17,16,0,0,0,0,0,1,0,1,0,0,0,0,0,NA,"WP"
"186",2019-06-17,17,0,0,0,0,0,1,0,2,0,0,0,0,0,NA,"WP"
"187",2019-06-17,18,0,0,0,0,0,0,0,1,0,0,0,0,0,NA,"WP"
"188",2019-06-17,19,0,0,0,0,0,1,0,1,0,0,1,0,0,NA,"WP"
"189",2019-06-17,20,0,0,0,0,0,1,0,1,0,0,1,0,0,NA,"WP"
"190",2019-06-17,21,0,0,0,0,0,1,0,0,0,0,1,0,0,NA,"WP"
"191",2019-06-17,22,0,0,0,0,0,1,0,0,0,0,1,0,0,NA,"WP"
"192",2019-06-17,23,0,0,0,0,0,1,0,0,0,0,1,0,0,NA,"WP"
"193",2019-06-18,0,0,0,0,0,0,2,0,0,0,0,0,0,0,NA,"WP"
"194",2019-06-18,1,0,0,0,0,0,1,0,0,0,0,1,0,0,NA,"WP"
"195",2019-06-18,2,0,0,0,0,0,1,0,0,0,0,0,0,0,NA,"WP"
"196",2019-06-18,3,0,0,0,0,0,1,0,0,0,0,0,0,1,NA,"WP"
"197",2019-06-18,4,0,0,0,0,0,1,0,0,0,0,0,0,0,NA,"WP"
"198",2019-06-18,5,0,0,0,0,0,1,0,0,0,0,0,0,0,NA,"WP"
"199",2019-06-18,6,0,0,0,0,0,1,0,0,0,0,0,0,0,NA,"WP"
"200",2019-06-18,7,0,0,0,0,0,1,0,0,0,0,0,0,0,NA,"WP"
"201",2019-06-18,8,0,0,0,0,0,1,0,0,0,0,1,0,0,NA,"WP"
"202",2019-06-18,9,0,0,0,0,0,1,0,0,0,0,1,0,0,NA,"WP"
"203",2019-06-18,10,0,0,0,0,0,1,0,0,0,0,1,0,0,NA,"WP"
"204",2019-06-18,11,0,0,0,0,0,1,0,0,0,0,2,0,0,NA,"WP"
"205",2019-06-18,12,0,0,0,0,0,1,0,0,0,0,0,0,0,NA,"WP"
"206",2019-06-18,13,0,0,0,0,0,1,0,0,0,0,0,0,0,NA,"WP"
"207",2019-06-18,14,0,0,0,0,0,1,0,0,0,0,0,0,0,NA,"WP"
"208",2019-06-18,15,0,0,0,0,0,1,0,1,0,0,0,0,0,NA,"WP"
"209",2019-06-18,16,0,0,0,0,0,1,0,1,0,0,0,0,0,NA,"WP"
"210",2019-06-18,17,0,0,0,0,0,2,0,2,0,0,0,0,0,NA,"WP"
"211",2019-06-18,18,0,0,0,0,0,1,0,1,0,0,0,0,0,NA,"WP"
"212",2019-06-18,19,0,0,0,0,0,0,0,1,0,0,0,0,0,NA,"WP"
"213",2019-06-18,20,0,0,0,0,0,1,0,0,0,0,1,0,0,NA,"WP"
"214",2019-06-18,21,0,0,0,0,0,1,0,0,0,0,1,0,0,NA,"WP"
"215",2019-06-18,22,0,0,0,0,0,1,0,0,0,0,1,0,0,NA,"WP"
"216",2019-06-18,23,0,0,0,0,0,1,0,0,0,0,1,0,0,NA,"WP"
"217",2019-06-19,0,0,0,0,0,0,2,0,0,0,0,2,0,0,NA,"WP"
"218",2019-06-19,1,0,0,0,0,0,1,0,0,0,0,1,0,0,NA,"WP"
"219",2019-06-19,2,0,0,0,0,0,1,0,0,0,0,1,0,0,NA,"WP"
"220",2019-06-19,3,0,0,0,0,0,1,0,0,0,0,1,0,0,NA,"WP"
"221",2019-06-19,4,0,0,0,0,0,1,0,0,0,0,1,0,0,NA,"WP"
"222",2019-06-19,5,0,0,0,0,0,1,0,0,0,0,1,0,0,NA,"WP"
"223",2019-06-19,6,0,0,0,0,0,1,0,1,0,0,1,0,0,NA,"WP"
"224",2019-06-19,7,0,0,0,0,0,1,0,0,0,0,1,0,0,NA,"WP"
"225",2019-06-19,8,0,0,0,0,0,1,0,0,0,0,1,0,0,NA,"WP"
"226",2019-06-19,9,0,0,0,0,0,1,0,0,0,0,1,0,0,NA,"WP"
"227",2019-06-19,10,0,0,0,0,0,1,0,0,0,0,1,0,0,NA,"WP"
"228",2019-06-19,11,0,0,0,0,0,1,0,0,0,0,1,0,0,NA,"WP"
"229",2019-06-19,12,0,0,0,0,0,1,0,0,0,0,1,0,0,NA,"WP"
"230",2019-06-19,13,0,0,0,0,0,1,0,0,0,0,1,0,0,NA,"WP"
"231",2019-06-19,14,0,0,0,0,0,1,0,0,0,0,1,0,0,NA,"WP"
"232",2019-06-19,15,0,0,0,0,0,1,0,0,0,0,1,0,0,NA,"WP"
"233",2019-06-19,16,0,0,0,0,0,1,0,1,0,0,1,0,0,NA,"WP"
"234",2019-06-19,17,0,0,0,0,0,1,0,1,0,0,1,0,0,NA,"WP"
"235",2019-06-19,18,0,0,0,0,0,1,0,1,0,0,1,0,0,NA,"WP"
"236",2019-06-19,19,0,0,0,0,0,1,0,0,0,0,1,0,0,NA,"WP"
"237",2019-06-19,20,0,0,0,0,0,1,0,0,0,0,1,0,0,NA,"WP"
"238",2019-06-19,21,0,0,0,0,0,1,0,0,0,0,1,0,0,NA,"WP"
"239",2019-06-19,22,0,0,0,0,0,1,0,0,0,0,1,0,0,NA,"WP"
"240",2019-06-19,23,0,0,0,0,0,1,0,0,0,0,1,0,0,NA,"WP"
"241",2019-06-20,0,0,0,0,0,0,2,0,0,0,0,2,0,0,NA,"WP"
"242",2019-06-20,1,0,0,0,0,0,1,0,0,0,0,1,0,0,NA,"WP"
"243",2019-06-20,2,0,0,0,0,0,1,0,0,0,0,1,0,0,NA,"WP"
"244",2019-06-20,3,0,0,0,0,0,1,0,0,0,0,1,0,0,NA,"WP"
"245",2019-06-20,4,0,0,0,0,0,1,0,0,0,0,1,0,0,NA,"WP"
"246",2019-06-20,5,0,0,0,0,0,1,0,0,0,0,1,0,0,NA,"WP"
"247",2019-06-20,6,0,0,0,0,0,1,0,0,0,0,1,0,0,NA,"WP"
"248",2019-06-20,7,0,0,0,0,0,1,0,0,0,0,1,0,0,NA,"WP"
"249",2019-06-20,8,0,0,0,0,0,1,0,0,0,0,1,0,0,NA,"WP"
"250",2019-06-20,9,0,0,0,0,0,1,0,0,0,0,1,0,1,NA,"WP"
"251",2019-06-20,10,0,0,0,0,0,1,0,0,0,0,1,1,1,"probably dolphins; ; ","WP"
"252",2019-06-20,11,0,0,0,0,0,1,0,0,0,0,1,0,0,NA,"WP"
"253",2019-06-20,12,0,0,0,0,0,1,0,0,0,0,1,0,0,NA,"WP"
"254",2019-06-20,13,0,0,0,0,0,1,0,0,0,0,1,0,0,NA,"WP"
"255",2019-06-20,14,0,0,0,0,0,1,0,0,0,0,1,0,0,NA,"WP"
"256",2019-06-20,15,0,0,0,0,0,1,0,0,0,0,1,0,0,NA,"WP"
"257",2019-06-20,16,0,0,0,0,0,1,0,0,0,0,1,0,0,NA,"WP"
"258",2019-06-20,17,0,0,0,0,0,1,0,1,0,0,1,0,0,"; ; ","WP"
"259",2019-06-20,18,0,0,0,0,0,0,0,1,0,0,0,0,0,NA,"WP"
"260",2019-06-20,19,0,0,0,0,0,1,0,1,0,0,1,0,0,"; ; ","WP"
"261",2019-06-20,20,0,0,0,0,0,1,0,0,0,0,1,0,0,NA,"WP"
"262",2019-06-20,21,0,0,0,0,0,1,0,0,0,0,1,0,0,NA,"WP"
"263",2019-06-20,22,0,0,0,0,0,1,0,0,0,0,1,2,0,"; ; possible whale; possible dolphin, squeaky calls","WP"
"264",2019-06-20,23,0,0,0,0,0,1,0,0,0,0,0,3,1,"probably baleen whale, maybe minke; probably dolphin, squeaks and clicks; possible whale; ","WP"
"265",2019-06-21,0,0,0,0,0,0,2,0,0,0,0,0,0,0,NA,"WP"
"266",2019-06-21,1,0,0,0,0,0,1,0,0,0,0,1,0,0,NA,"WP"
"267",2019-06-21,2,0,0,0,0,0,1,0,0,0,0,1,0,0,NA,"WP"
"268",2019-06-21,3,0,0,0,0,0,1,0,0,0,0,1,0,0,NA,"WP"
"269",2019-06-21,4,0,0,0,0,0,1,0,0,0,0,0,0,0,NA,"WP"
"270",2019-06-21,5,0,0,0,0,0,1,0,0,0,0,0,0,0,NA,"WP"
"271",2019-06-21,6,0,0,0,0,0,1,0,0,0,0,0,0,0,NA,"WP"
"272",2019-06-21,7,0,0,0,0,0,1,0,0,0,0,1,0,0,NA,"WP"
"273",2019-06-21,8,0,0,0,0,0,1,0,0,0,0,1,0,0,NA,"WP"
"274",2019-06-21,9,0,0,0,0,0,1,0,0,0,0,2,0,0,"; ; loud sw call overlapping with loud Mn song","WP"
"275",2019-06-21,10,0,0,0,0,0,1,0,0,0,0,1,0,0,NA,"WP"
"276",2019-06-21,11,0,0,0,0,0,1,0,0,0,0,0,0,0,NA,"WP"
"277",2019-06-21,12,0,0,0,0,0,1,0,0,0,0,0,0,0,NA,"WP"
"278",2019-06-21,13,0,0,0,0,0,1,0,0,0,0,0,0,0,NA,"WP"
"279",2019-06-21,14,0,0,0,0,0,1,0,0,0,0,0,0,0,NA,"WP"
"280",2019-06-21,15,0,0,0,0,0,1,0,0,0,0,0,0,0,NA,"WP"
"281",2019-06-21,16,0,0,1,0,0,1,0,1,0,0,0,0,0,"; ; ","WP"
"282",2019-06-21,17,0,0,0,0,0,1,0,1,0,0,0,0,0,NA,"WP"
"283",2019-06-21,18,0,0,0,0,0,1,0,1,0,0,0,0,0,NA,"WP"
"284",2019-06-21,19,0,0,0,0,0,1,0,1,0,0,0,0,0,NA,"WP"
"285",2019-06-21,20,0,0,0,0,0,1,0,0,0,0,0,0,0,NA,"WP"
"286",2019-06-21,21,0,0,0,0,0,1,0,0,0,0,0,0,0,NA,"WP"
"287",2019-06-21,22,0,0,0,0,0,1,0,0,0,0,0,0,0,NA,"WP"
"288",2019-06-21,23,0,0,0,0,0,1,0,0,0,0,0,0,0,NA,"WP"
"289",2019-06-22,0,0,0,0,0,0,2,0,0,0,0,0,0,0,NA,"WP"
"290",2019-06-22,1,0,0,0,0,0,1,0,0,0,0,0,0,0,NA,"WP"
"291",2019-06-22,2,0,0,0,0,0,1,0,0,0,0,0,0,0,NA,"WP"
"292",2019-06-22,3,0,0,0,0,0,1,0,0,0,0,0,0,0,NA,"WP"
"293",2019-06-22,4,0,0,0,0,0,1,0,0,0,0,1,0,0,NA,"WP"
"294",2019-06-22,5,0,0,0,0,0,1,0,0,0,0,0,0,0,NA,"WP"
"295",2019-06-22,6,0,0,0,0,0,1,0,0,0,0,0,0,0,NA,"WP"
"296",2019-06-22,7,0,0,0,0,0,1,0,0,0,0,0,0,0,NA,"WP"
"297",2019-06-22,8,0,0,0,0,0,1,0,0,0,0,0,0,0,NA,"WP"
"298",2019-06-22,9,0,0,0,0,0,1,0,0,0,0,0,0,0,NA,"WP"
"299",2019-06-22,10,0,0,0,0,0,1,0,0,0,0,0,0,0,NA,"WP"
"300",2019-06-22,11,0,0,0,0,0,1,0,0,0,0,0,0,0,NA,"WP"
"301",2019-06-22,12,0,0,0,0,0,1,0,0,0,0,1,0,0,NA,"WP"
"302",2019-06-22,13,0,0,0,0,0,1,0,0,0,0,1,0,0,NA,"WP"
"303",2019-06-22,14,0,0,0,0,0,1,0,0,0,0,0,0,0,NA,"WP"
"304",2019-06-22,15,0,0,0,0,0,1,0,0,0,0,0,0,0,NA,"WP"
"305",2019-06-22,16,0,0,0,0,0,1,0,1,0,0,0,0,0,NA,"WP"
"306",2019-06-22,17,0,0,0,0,0,1,0,2,0,0,0,0,0,"; ; ","WP"
"307",2019-06-22,18,0,0,0,0,0,0,0,1,0,0,0,0,0,NA,"WP"
"308",2019-06-22,19,0,0,0,0,0,0,0,1,0,0,0,0,0,NA,"WP"
"309",2019-06-22,20,0,0,0,0,0,1,0,0,0,0,0,0,0,NA,"WP"
"310",2019-06-22,21,0,0,0,0,0,1,0,0,0,0,0,0,0,NA,"WP"
"311",2019-06-22,22,0,0,0,0,0,1,0,0,0,0,0,0,0,NA,"WP"
"312",2019-06-22,23,0,0,0,0,0,1,0,0,0,0,0,0,0,NA,"WP"
"313",2019-06-23,0,0,0,0,0,0,2,0,0,0,0,1,0,0,"; faint behind Mn song; ","WP"
"314",2019-06-23,1,0,0,0,0,0,1,0,0,0,0,0,0,0,NA,"WP"
"315",2019-06-23,2,0,0,0,0,0,1,0,0,0,0,0,0,0,NA,"WP"
"316",2019-06-23,3,0,0,0,0,0,1,0,0,0,0,0,0,0,NA,"WP"
"317",2019-06-23,4,0,0,0,0,0,1,0,0,0,0,0,0,0,NA,"WP"
"318",2019-06-23,5,0,0,0,0,0,1,0,0,0,0,0,0,0,NA,"WP"
"319",2019-06-23,6,0,0,0,0,0,1,0,0,0,0,0,0,0,NA,"WP"
"320",2019-06-23,7,0,0,0,0,0,1,0,0,0,0,0,1,0,"; possible whale","WP"
"321",2019-06-23,8,0,0,0,0,0,1,0,0,0,0,0,0,0,NA,"WP"
"322",2019-06-23,9,0,0,0,0,0,1,0,0,0,0,0,0,0,NA,"WP"
"323",2019-06-23,10,0,0,0,0,0,1,0,0,0,0,0,0,0,NA,"WP"
"324",2019-06-23,11,0,0,0,0,0,1,0,0,0,0,0,0,0,NA,"WP"
"325",2019-06-23,12,0,0,0,0,0,1,0,0,0,0,0,0,0,NA,"WP"
"326",2019-06-23,13,0,0,0,0,0,1,0,0,0,0,0,0,0,NA,"WP"
"327",2019-06-23,14,0,0,0,0,0,1,0,0,0,0,0,0,0,NA,"WP"
"328",2019-06-23,15,0,0,0,0,0,1,0,0,0,0,0,0,0,NA,"WP"
"329",2019-06-23,16,0,0,0,0,0,1,0,1,0,0,0,0,0,NA,"WP"
"330",2019-06-23,17,0,0,0,0,0,1,0,1,0,0,0,1,0,"; possible sei whale?; ","WP"
"331",2019-06-23,18,0,0,0,0,0,0,1,0,0,0,0,0,0,NA,"WP"
"332",2019-06-23,19,0,0,0,0,0,0,0,1,0,0,0,0,0,NA,"WP"
"333",2019-06-23,20,0,0,0,0,0,1,0,1,0,0,0,0,0,NA,"WP"
"334",2019-06-23,21,0,0,0,0,0,1,0,0,0,0,0,0,0,NA,"WP"
"335",2019-06-23,22,0,0,0,0,0,1,0,0,0,0,0,0,0,NA,"WP"
"336",2019-06-23,23,0,0,0,0,0,1,0,0,0,0,0,0,1,NA,"WP"
"337",2019-06-24,0,0,0,0,0,0,2,0,0,0,0,0,0,1,NA,"WP"
"338",2019-06-24,1,0,0,0,0,0,1,0,0,0,0,0,0,1,NA,"WP"
"339",2019-06-24,2,0,0,0,0,0,1,0,0,0,0,0,0,0,NA,"WP"
"340",2019-06-24,3,0,0,0,0,0,2,0,0,0,0,0,0,0,NA,"WP"
"341",2019-06-24,4,0,0,0,0,0,1,0,0,0,0,0,0,0,NA,"WP"
"342",2019-06-24,5,0,0,0,0,0,1,0,0,0,0,0,0,0,NA,"WP"
"343",2019-06-24,6,0,0,0,0,0,1,0,0,0,0,0,0,0,NA,"WP"
"344",2019-06-24,7,0,0,0,0,0,1,0,0,0,0,0,0,0,NA,"WP"
"345",2019-06-24,8,0,0,0,0,0,1,0,0,0,0,0,0,0,NA,"WP"
"346",2019-06-24,9,0,0,0,0,0,1,0,0,0,0,0,0,0,NA,"WP"
"347",2019-06-24,10,0,0,0,0,0,1,0,0,0,0,0,0,0,NA,"WP"
"348",2019-06-24,11,0,0,0,0,0,1,0,0,0,0,0,0,0,NA,"WP"
"349",2019-06-24,12,0,0,0,0,0,1,0,0,0,0,1,0,0,NA,"WP"
"350",2019-06-24,13,0,0,0,1,0,1,0,0,0,0,1,0,0,"; ; ","WP"
"351",2019-06-24,14,0,0,0,0,0,1,0,0,0,0,1,0,0,NA,"WP"
"352",2019-06-24,15,0,0,0,0,0,1,0,1,0,0,0,0,0,NA,"WP"
"353",2019-06-24,16,0,0,0,0,0,1,0,1,0,0,1,0,0,"; ; faint","WP"
"354",2019-06-24,17,0,0,0,0,0,1,0,1,0,0,1,0,0,"; ; ","WP"
"355",2019-06-24,18,0,0,0,0,0,1,0,1,0,0,0,0,0,NA,"WP"
"356",2019-06-24,19,0,0,0,0,0,1,0,1,0,0,0,0,1,NA,"WP"
"357",2019-06-24,20,0,0,0,0,0,1,0,1,0,0,0,0,0,NA,"WP"
"358",2019-06-24,21,0,0,0,0,0,1,0,0,0,0,1,0,0,"; faint","WP"
"359",2019-06-24,22,0,0,0,0,0,1,0,0,0,0,1,0,0,NA,"WP"
"360",2019-06-24,23,0,0,0,0,0,1,0,0,0,0,0,0,0,NA,"WP"
"361",2019-06-25,0,0,0,0,0,0,2,0,0,0,0,0,0,1,NA,"WP"
"362",2019-06-25,1,0,0,0,0,0,1,0,0,0,0,0,0,1,NA,"WP"
"363",2019-06-25,2,0,0,0,0,0,1,0,0,0,0,0,0,0,NA,"WP"
"364",2019-06-25,3,0,0,0,0,0,1,0,0,0,0,0,0,0,NA,"WP"
"365",2019-06-25,4,0,0,0,0,0,1,0,0,0,0,0,0,0,NA,"WP"
"366",2019-06-25,5,0,0,0,0,0,1,0,0,0,0,1,1,0,"; ; possible whale","WP"
"367",2019-06-25,6,0,0,0,0,0,1,0,0,0,0,1,0,0,NA,"WP"
"368",2019-06-25,7,0,0,0,0,0,1,0,0,0,0,1,0,0,NA,"WP"
"369",2019-06-25,8,0,0,0,0,0,1,0,0,0,0,1,0,0,NA,"WP"
"370",2019-06-25,9,0,0,0,0,0,1,0,0,0,0,1,0,0,NA,"WP"
"371",2019-06-25,10,0,0,0,0,0,1,0,0,0,0,1,0,0,NA,"WP"
"372",2019-06-25,11,0,0,0,0,0,1,0,0,0,0,0,0,0,NA,"WP"
"373",2019-06-25,12,0,0,0,0,0,1,0,1,0,0,0,0,0,NA,"WP"
"374",2019-06-25,13,0,0,0,0,0,1,0,0,0,0,0,0,0,NA,"WP"
"375",2019-06-25,14,0,0,0,0,0,1,0,0,0,0,0,0,0,NA,"WP"
"376",2019-06-25,15,0,0,0,0,0,1,0,0,0,0,1,0,0,"; faint","WP"
"377",2019-06-25,16,0,0,0,0,0,1,0,0,0,0,1,0,0,NA,"WP"
"378",2019-06-25,17,0,0,0,0,0,2,0,1,0,0,0,0,0,"; ; ","WP"
"379",2019-06-25,18,0,0,0,0,0,1,0,1,0,0,0,0,0,NA,"WP"
"380",2019-06-25,19,0,0,0,0,0,1,0,1,0,0,0,0,0,NA,"WP"
"381",2019-06-25,20,0,0,0,0,0,1,0,0,0,0,1,0,0,NA,"WP"
"382",2019-06-25,21,0,0,0,0,0,1,0,0,0,0,1,0,0,NA,"WP"
"383",2019-06-25,22,0,0,0,0,0,1,0,0,0,0,0,0,0,NA,"WP"
"384",2019-06-25,23,0,0,0,0,0,1,0,0,0,0,0,0,0,NA,"WP"
"385",2019-06-26,0,0,0,0,0,0,2,0,0,0,0,2,0,0,"; ; ; ","WP"
"386",2019-06-26,1,0,0,0,0,0,1,0,0,0,0,0,0,0,NA,"WP"
"387",2019-06-26,2,0,0,0,0,0,1,0,0,0,0,0,0,0,NA,"WP"
"388",2019-06-26,3,0,0,0,0,0,1,0,0,0,0,1,1,0,"; faint; possible whale","WP"
"389",2019-06-26,4,0,0,0,0,0,1,0,0,0,0,0,0,0,NA,"WP"
"390",2019-06-26,5,0,0,0,0,0,1,0,0,0,0,1,0,0,NA,"WP"
"391",2019-06-26,6,0,0,0,0,0,1,0,0,0,0,1,0,1,NA,"WP"
"392",2019-06-26,7,0,0,0,0,0,1,0,0,0,0,1,0,0,NA,"WP"
"393",2019-06-26,8,0,0,0,0,0,1,0,0,0,0,1,0,0,NA,"WP"
"394",2019-06-26,9,0,0,0,0,0,1,0,0,0,0,1,0,0,NA,"WP"
"395",2019-06-26,10,0,0,0,0,0,1,0,0,0,0,1,0,0,NA,"WP"
"396",2019-06-26,11,0,0,0,0,0,1,0,0,0,0,0,0,0,NA,"WP"
"397",2019-06-26,12,0,0,0,0,0,1,0,0,0,0,0,0,0,NA,"WP"
"398",2019-06-26,13,0,0,0,0,0,1,0,0,0,0,0,0,0,NA,"WP"
"399",2019-06-26,14,0,0,0,0,0,1,0,0,0,0,0,0,0,NA,"WP"
"400",2019-06-26,15,0,0,0,0,0,1,0,0,0,0,0,0,0,NA,"WP"
"401",2019-06-26,16,0,0,0,0,0,1,0,0,0,0,0,0,1,NA,"WP"
"402",2019-06-26,17,0,0,0,0,0,1,0,1,0,0,0,0,0,NA,"WP"
"403",2019-06-26,18,0,0,0,0,0,1,0,1,0,0,0,0,0,NA,"WP"
"404",2019-06-26,19,0,0,0,0,0,1,0,0,0,0,0,0,1,NA,"WP"
"405",2019-06-26,20,0,0,0,0,0,1,0,0,0,0,0,0,1,NA,"WP"
"406",2019-06-26,21,0,0,0,0,0,1,0,0,0,0,0,0,0,NA,"WP"
"407",2019-06-26,22,0,0,0,0,0,1,0,0,0,0,0,0,0,NA,"WP"
"408",2019-06-26,23,0,0,0,0,0,1,0,0,0,0,0,0,0,NA,"WP"
"409",2019-06-27,0,0,0,0,0,0,2,0,0,0,0,0,0,0,NA,"WP"
"410",2019-06-27,1,0,0,0,0,0,1,0,0,0,0,0,0,0,NA,"WP"
"411",2019-06-27,2,0,0,0,0,0,1,0,0,0,0,1,0,0,"; faint","WP"
"412",2019-06-27,3,0,0,0,0,0,1,0,0,0,0,1,0,0,NA,"WP"
"413",2019-06-27,4,0,0,0,0,0,1,0,0,0,0,1,0,0,NA,"WP"
"414",2019-06-27,5,0,0,0,0,0,1,0,0,0,0,0,0,1,NA,"WP"
"415",2019-06-27,6,0,0,0,0,0,1,0,0,0,0,0,1,0,"; possible whale","WP"
"416",2019-06-27,7,0,0,0,0,0,1,0,0,0,0,0,0,0,NA,"WP"
"417",2019-06-27,8,0,0,0,0,0,1,0,0,0,0,0,0,0,NA,"WP"
"418",2019-06-27,9,0,0,0,0,0,1,0,0,0,0,0,0,0,NA,"WP"
"419",2019-06-27,10,0,0,0,0,0,1,0,0,0,0,0,0,0,NA,"WP"
"420",2019-06-27,11,0,0,0,0,0,1,0,0,0,0,0,0,0,NA,"WP"
"421",2019-06-27,12,0,0,0,0,0,1,0,0,0,0,1,0,0,NA,"WP"
"422",2019-06-27,13,0,0,0,0,0,1,0,0,0,0,0,0,0,NA,"WP"
"423",2019-06-27,14,0,0,0,0,0,1,0,1,0,0,0,0,0,NA,"WP"
"424",2019-06-27,15,0,0,0,0,0,1,0,1,0,0,0,0,0,NA,"WP"
"425",2019-06-27,16,0,0,0,0,0,1,0,1,0,0,0,0,0,NA,"WP"
"426",2019-06-27,17,0,0,0,1,0,1,0,1,0,0,0,0,0,"; ; ","WP"
"427",2019-06-27,18,0,0,0,0,0,1,0,2,0,0,0,0,0,"; ; ","WP"
"428",2019-06-27,19,0,0,0,0,0,1,0,1,0,0,0,0,0,NA,"WP"
"429",2019-06-27,20,0,0,0,0,0,1,0,0,0,0,1,0,0,"; faint behind Mn song","WP"
"430",2019-06-27,21,0,0,0,0,0,1,0,0,0,0,1,0,0,NA,"WP"
"431",2019-06-27,22,0,0,0,0,0,1,0,0,0,0,0,0,1,NA,"WP"
"432",2019-06-27,23,0,0,0,0,0,1,0,0,0,0,1,0,0,NA,"WP"
"433",2019-06-28,0,0,0,0,0,0,2,0,0,0,0,0,0,0,NA,"WP"
"434",2019-06-28,1,0,0,0,0,0,1,0,0,0,0,0,0,0,NA,"WP"
"435",2019-06-28,2,0,0,0,0,0,1,0,0,0,0,0,0,0,NA,"WP"
"436",2019-06-28,3,0,0,0,0,0,1,0,0,0,1,0,0,1,NA,"WP"
"437",2019-06-28,4,0,0,0,0,0,1,0,0,0,0,0,0,1,NA,"WP"
"438",2019-06-28,5,0,0,0,0,0,1,0,0,0,0,1,0,0,NA,"WP"
"439",2019-06-28,6,0,0,0,0,0,1,0,0,0,0,0,0,0,NA,"WP"
"440",2019-06-28,7,0,0,0,0,0,1,0,0,0,0,0,0,0,NA,"WP"
"441",2019-06-28,8,0,0,0,0,0,1,0,0,0,0,0,0,0,NA,"WP"
"442",2019-06-28,9,0,0,0,0,0,1,0,0,0,0,0,0,0,NA,"WP"
"443",2019-06-28,10,0,0,0,0,0,1,0,0,0,0,0,0,0,NA,"WP"
"444",2019-06-28,11,0,0,0,0,0,1,0,0,0,0,0,0,0,NA,"WP"
"445",2019-06-28,12,0,0,0,0,0,1,0,0,0,0,1,0,0,NA,"WP"
"446",2019-06-28,13,0,0,0,0,0,1,0,0,0,0,0,0,0,NA,"WP"
"447",2019-06-28,14,0,0,0,0,0,1,0,0,0,0,0,1,0,"; possible whale","WP"
"448",2019-06-28,15,0,0,0,0,0,1,0,0,0,0,0,0,0,NA,"WP"
"449",2019-06-28,16,0,0,0,0,0,1,0,0,0,0,0,2,0,"; possible whale; possible whale","WP"
"450",2019-06-28,17,0,0,0,0,0,2,0,2,0,0,0,0,0,"; ; ; ","WP"
"451",2019-06-28,18,0,0,0,0,0,1,0,1,0,0,0,0,0,NA,"WP"
"452",2019-06-28,19,0,0,0,0,0,1,0,0,0,0,0,0,1,NA,"WP"
"453",2019-06-28,20,0,0,0,0,0,1,0,0,0,0,1,0,1,NA,"WP"
"454",2019-06-28,21,0,0,0,0,0,1,0,0,0,0,1,0,0,NA,"WP"
"455",2019-06-28,22,0,0,0,0,0,1,0,0,0,0,1,0,1,NA,"WP"
"456",2019-06-28,23,0,0,0,0,0,1,0,0,0,0,2,0,0,"; ; loud","WP"
"457",2019-06-29,0,0,0,0,0,0,2,0,0,0,0,0,0,0,NA,"WP"
"458",2019-06-29,1,0,0,0,0,0,1,0,0,0,0,0,0,0,NA,"WP"
"459",2019-06-29,2,0,0,0,0,0,1,0,0,0,0,0,0,0,NA,"WP"
"460",2019-06-29,3,0,0,0,0,0,1,0,0,0,0,0,0,0,NA,"WP"
"461",2019-06-29,4,0,0,0,0,0,1,0,0,0,0,0,0,0,NA,"WP"
"462",2019-06-29,5,0,0,0,1,0,1,0,0,0,0,0,1,1,"; ; possible whale","WP"
"463",2019-06-29,6,0,0,0,0,0,1,0,0,0,0,0,0,0,NA,"WP"
"464",2019-06-29,7,0,0,0,0,0,1,0,0,0,0,1,0,0,"; faint","WP"
"465",2019-06-29,8,0,0,0,0,0,1,0,0,0,0,1,0,0,"faint; ","WP"
"466",2019-06-29,9,0,0,0,0,0,1,0,0,0,0,0,1,0,"; fish?","WP"
"467",2019-06-29,10,0,0,0,0,0,1,0,0,0,0,0,0,0,NA,"WP"
"468",2019-06-29,11,0,0,0,0,0,1,0,0,0,0,1,1,0,"; possible whale; ","WP"
"469",2019-06-29,12,0,0,0,0,0,1,0,0,0,0,1,1,0,"; ; fish?","WP"
"470",2019-06-29,13,0,0,0,0,0,1,0,0,0,0,1,0,0,NA,"WP"
"471",2019-06-29,14,0,0,0,0,0,1,0,0,0,0,0,0,0,NA,"WP"
"472",2019-06-29,15,0,0,0,0,0,1,0,0,0,0,1,0,0,NA,"WP"
"473",2019-06-29,16,0,0,0,0,0,1,0,0,0,0,0,0,0,NA,"WP"
"474",2019-06-29,17,0,0,0,0,0,2,0,0,0,0,0,0,0,"; rain","WP"
"475",2019-06-29,18,0,0,0,0,0,1,0,0,0,0,0,0,0,NA,"WP"
"476",2019-06-29,19,0,0,0,0,0,1,0,0,0,0,1,1,0,"; ; possible whale","WP"
"477",2019-06-29,20,0,0,0,0,0,1,0,0,0,0,1,0,0,NA,"WP"
"478",2019-06-29,21,0,0,0,0,0,1,0,0,0,0,1,1,0,"; ; possible whale","WP"
"479",2019-06-29,22,0,0,0,0,0,1,0,0,0,0,0,0,0,NA,"WP"
"480",2019-06-29,23,0,0,0,0,0,1,0,0,0,0,0,0,0,"loud","WP"
"481",2019-06-30,0,0,0,0,0,0,2,0,0,0,0,0,0,1,NA,"WP"
"482",2019-06-30,1,0,0,0,0,0,1,0,0,0,0,0,0,1,NA,"WP"
"483",2019-06-30,2,0,0,0,0,0,1,0,0,0,0,0,0,1,NA,"WP"
"484",2019-06-30,3,0,0,0,0,0,1,0,0,0,0,0,0,0,"loud","WP"
"485",2019-06-30,4,0,0,0,0,0,1,0,0,0,0,0,0,0,NA,"WP"
"486",2019-06-30,5,0,0,0,0,0,1,0,0,0,0,0,0,0,NA,"WP"
"487",2019-06-30,6,0,0,0,0,0,1,0,0,0,0,0,0,0,NA,"WP"
"488",2019-06-30,7,0,0,0,0,0,1,0,0,0,0,1,0,0,NA,"WP"
"489",2019-06-30,8,0,0,0,0,0,1,0,0,0,0,1,0,0,NA,"WP"
"490",2019-06-30,9,0,0,0,0,0,1,0,0,0,0,1,0,0,NA,"WP"
"491",2019-06-30,10,0,0,0,0,0,1,0,0,0,0,1,0,0,NA,"WP"
"492",2019-06-30,11,0,0,0,0,0,1,0,0,0,0,0,1,0,"; possible whale? could be vessel","WP"
"493",2019-06-30,12,0,0,0,0,0,1,0,0,0,0,0,0,0,NA,"WP"
"494",2019-06-30,13,0,0,0,0,0,1,0,0,0,0,0,0,0,NA,"WP"
"495",2019-06-30,14,0,0,0,0,0,1,0,0,0,0,0,0,0,NA,"WP"
"496",2019-06-30,15,0,0,0,0,0,1,0,0,0,0,0,0,0,NA,"WP"
"497",2019-06-30,16,0,0,0,0,0,1,0,0,0,0,0,0,0,NA,"WP"
"498",2019-06-30,17,0,0,0,0,0,1,0,0,0,0,0,0,0,NA,"WP"
"499",2019-06-30,18,0,0,0,0,0,1,0,0,0,0,0,1,1,"; possible whale","WP"
"500",2019-06-30,19,0,0,0,0,0,1,0,0,0,0,0,1,0,"; possible whale pulses, could be Mn","WP"
"501",2019-06-30,20,0,0,0,0,0,1,0,0,0,0,0,0,1,NA,"WP"
"502",2019-06-30,21,0,0,0,0,0,1,0,0,0,0,0,0,0,NA,"WP"
"503",2019-06-30,22,0,0,0,0,0,1,0,0,0,0,0,0,1,NA,"WP"
"504",2019-06-30,23,0,0,0,0,0,1,0,0,0,0,0,0,1,NA,"WP"
"505",2019-07-01,0,0,0,0,0,0,2,0,0,0,0,0,0,0,NA,"WP"
"506",2019-07-01,1,0,0,0,0,0,1,0,0,0,0,0,0,0,NA,"WP"
"507",2019-07-01,2,0,0,0,0,0,1,0,0,0,0,0,0,0,NA,"WP"
"508",2019-07-01,3,0,0,0,0,0,1,0,0,0,0,0,0,0,NA,"WP"
"509",2019-07-01,4,0,0,0,0,0,1,0,0,0,0,0,0,0,NA,"WP"
"510",2019-07-01,5,0,0,0,0,0,1,0,0,0,0,0,0,0,NA,"WP"
"511",2019-07-01,6,0,0,0,0,0,1,0,0,0,0,0,0,0,NA,"WP"
"512",2019-07-01,7,0,0,0,0,0,1,0,0,0,0,0,0,0,NA,"WP"
"513",2019-07-01,8,0,0,0,0,0,1,0,0,0,0,0,1,0,"; possible whale","WP"
"514",2019-07-01,9,0,0,0,0,0,1,0,0,0,0,0,0,0,NA,"WP"
"515",2019-07-01,10,0,0,0,0,0,1,0,0,0,0,2,0,0,"; ; ","WP"
"516",2019-07-01,11,0,0,0,0,0,1,0,0,0,0,0,0,0,NA,"WP"
"517",2019-07-01,12,0,0,0,0,0,1,0,0,0,0,0,0,0,NA,"WP"
"518",2019-07-01,13,0,0,0,0,0,1,0,0,0,0,0,0,0,NA,"WP"
"519",2019-07-01,14,0,0,0,0,0,1,0,0,0,0,0,0,0,NA,"WP"
"520",2019-07-01,15,0,0,0,0,0,1,0,0,0,0,0,0,0,NA,"WP"
"521",2019-07-01,16,0,0,0,0,0,1,0,0,0,0,0,0,0,NA,"WP"
"522",2019-07-01,17,0,0,0,0,0,1,0,0,0,0,0,0,0,NA,"WP"
"523",2019-07-01,18,0,0,0,0,0,1,0,0,0,0,0,0,0,NA,"WP"
"524",2019-07-01,19,0,0,0,0,0,1,0,0,0,0,0,0,0,NA,"WP"
"525",2019-07-01,20,0,0,0,0,0,1,0,0,0,0,0,0,0,NA,"WP"
"526",2019-07-01,21,0,0,0,0,0,1,0,0,0,0,0,0,0,NA,"WP"
"527",2019-07-01,22,0,0,0,0,0,1,0,0,0,0,0,0,0,NA,"WP"
"528",2019-07-01,23,0,0,0,0,0,1,0,0,0,0,1,0,0,"; faint","WP"
"529",2019-07-02,0,0,0,0,0,0,2,0,0,0,0,2,0,0,"; ; ; ","WP"
"530",2019-07-02,1,0,0,0,0,1,1,0,0,0,0,1,0,0,"; ; ","WP"
"531",2019-07-02,2,0,0,0,0,1,1,0,0,0,0,1,0,0,"; ; ","WP"
"532",2019-07-02,3,0,0,0,0,0,1,0,0,0,0,1,0,0,NA,"WP"
"533",2019-07-02,4,0,0,0,0,0,1,0,0,0,0,1,0,0,NA,"WP"
"534",2019-07-02,5,0,0,0,0,0,1,0,0,0,0,1,0,0,"; faint","WP"
"535",2019-07-02,6,0,0,0,0,0,1,0,0,0,0,1,0,0,NA,"WP"
"536",2019-07-02,7,0,0,0,0,0,1,0,0,0,0,1,0,0,NA,"WP"
"537",2019-07-02,8,0,0,0,0,0,1,0,0,0,0,1,0,0,NA,"WP"
"538",2019-07-02,9,0,0,0,0,0,1,0,0,0,0,2,1,0,"; ; louder example; possible whale","WP"
"539",2019-07-02,10,0,0,0,0,0,1,0,0,0,0,1,0,0,NA,"WP"
"540",2019-07-02,11,0,0,0,0,0,1,0,0,0,0,1,1,0,"possible whale; ; ","WP"
"541",2019-07-02,12,0,0,0,0,0,1,0,0,0,0,0,0,0,NA,"WP"
"542",2019-07-02,13,0,0,0,0,0,1,0,0,0,0,1,0,0,NA,"WP"
"543",2019-07-02,14,0,0,0,0,0,1,0,0,0,0,1,0,0,NA,"WP"
"544",2019-07-02,15,0,0,0,0,1,1,0,0,0,0,1,0,0,"; ; ","WP"
"545",2019-07-02,16,0,0,0,0,0,1,0,0,0,0,0,0,0,NA,"WP"
"546",2019-07-02,17,0,0,0,0,0,1,0,0,0,0,0,0,0,NA,"WP"
"547",2019-07-02,18,0,0,0,0,0,1,0,0,0,0,1,0,0,NA,"WP"
"548",2019-07-02,19,0,0,0,0,0,1,0,0,0,0,0,0,0,NA,"WP"
"549",2019-07-02,20,0,0,0,0,0,1,0,0,0,0,0,0,0,NA,"WP"
"550",2019-07-02,21,0,0,0,0,0,1,0,0,0,0,0,0,0,NA,"WP"
"551",2019-07-02,22,0,0,0,0,0,1,0,0,0,0,0,0,0,NA,"WP"
"552",2019-07-02,23,0,0,0,0,0,1,0,0,0,0,0,0,0,NA,"WP"
"553",2019-07-03,0,0,0,0,0,0,2,0,0,0,0,0,0,0,NA,"WP"
"554",2019-07-03,1,0,0,0,0,0,1,0,0,0,0,0,0,1,NA,"WP"
"555",2019-07-03,2,0,0,0,0,0,1,0,0,0,0,0,0,0,NA,"WP"
"556",2019-07-03,3,0,0,0,0,0,1,0,0,0,0,0,0,0,NA,"WP"
"557",2019-07-03,4,0,0,0,0,0,1,0,0,0,0,0,0,0,NA,"WP"
"558",2019-07-03,5,0,0,0,0,0,1,0,0,0,0,0,0,0,NA,"WP"
"559",2019-07-03,6,0,0,0,0,0,1,0,0,0,0,1,0,0,NA,"WP"
"560",2019-07-03,7,0,0,0,0,0,1,0,0,0,0,1,0,0,NA,"WP"
"561",2019-07-03,8,0,0,0,0,0,1,0,0,0,0,0,0,1,NA,"WP"
"562",2019-07-03,9,0,0,0,0,0,1,0,0,0,0,0,0,0,NA,"WP"
"563",2019-07-03,10,0,0,0,0,0,1,0,0,0,0,1,0,0,NA,"WP"
"564",2019-07-03,11,0,0,0,0,0,1,0,0,0,0,1,0,0,NA,"WP"
"565",2019-07-03,12,0,0,0,0,0,1,0,0,0,0,0,0,0,NA,"WP"
"566",2019-07-03,13,0,0,0,0,0,1,0,0,0,0,0,0,0,NA,"WP"
"567",2019-07-03,14,0,0,0,0,0,1,0,0,0,0,0,0,0,NA,"WP"
"568",2019-07-03,15,0,0,0,0,1,1,0,0,0,0,0,1,0,"; possible whale?; ","WP"
"569",2019-07-03,16,0,0,0,0,0,1,0,0,0,0,0,0,0,NA,"WP"
"570",2019-07-03,17,0,0,0,0,0,2,0,0,0,0,0,1,0,"; ; probably dolphin","WP"
"571",2019-07-03,18,0,0,0,0,0,1,0,0,0,0,0,1,0,"; probably dolphin","WP"
"572",2019-07-03,19,0,0,0,0,0,2,0,0,0,0,0,0,1,NA,"WP"
"573",2019-07-03,20,0,0,0,0,0,1,0,0,0,0,0,0,1,NA,"WP"
"574",2019-07-03,21,0,0,0,0,0,1,0,0,0,0,0,0,1,NA,"WP"
"575",2019-07-03,22,0,0,0,0,0,1,0,0,0,0,0,0,1,NA,"WP"
"576",2019-07-03,23,0,0,0,0,0,1,0,0,0,0,0,0,0,NA,"WP"
"577",2019-07-04,0,0,0,0,0,0,2,0,0,0,0,0,0,0,NA,"WP"
"578",2019-07-04,1,0,0,0,0,0,1,0,0,0,0,0,1,1,"possible dolphin, squeaky; ","WP"
"579",2019-07-04,2,0,0,0,0,0,1,0,0,0,0,0,0,0,NA,"WP"
"580",2019-07-04,3,0,0,0,0,0,1,0,0,0,0,1,0,0,NA,"WP"
"581",2019-07-04,4,0,0,0,0,0,1,0,0,0,0,1,0,0,NA,"WP"
"582",2019-07-04,5,0,0,0,0,0,1,0,0,0,0,1,0,0,"; faint","WP"
"583",2019-07-04,6,0,0,0,0,0,1,0,0,0,0,1,1,0,"; ; possible whale","WP"
"584",2019-07-04,7,0,0,0,0,0,1,0,0,0,0,0,0,0,NA,"WP"
"585",2019-07-04,8,0,0,0,0,0,1,0,0,0,0,1,0,0,NA,"WP"
"586",2019-07-04,9,0,0,0,0,0,1,0,0,0,0,0,0,0,NA,"WP"
"587",2019-07-04,10,0,0,0,0,0,1,0,0,0,0,0,0,0,NA,"WP"
"588",2019-07-04,11,0,0,0,0,0,1,0,0,0,0,0,0,0,NA,"WP"
"589",2019-07-04,12,0,0,0,0,0,2,0,0,0,0,1,1,0,"; ; possible whale; ","WP"
"590",2019-07-04,13,0,0,0,0,0,1,0,0,0,0,0,0,0,NA,"WP"
"591",2019-07-04,14,0,0,0,0,0,1,0,0,0,0,0,0,0,NA,"WP"
"592",2019-07-04,15,0,0,0,0,0,1,0,0,0,0,0,0,0,NA,"WP"
"593",2019-07-04,16,0,0,0,0,0,1,0,0,0,0,1,0,0,NA,"WP"
"594",2019-07-04,17,0,0,0,0,0,2,0,1,0,0,0,0,0,"; ; ","WP"
"595",2019-07-04,18,0,0,0,0,0,1,0,1,0,0,0,0,0,NA,"WP"
"596",2019-07-04,19,0,0,0,0,0,1,0,1,0,0,0,0,0,NA,"WP"
"597",2019-07-04,20,0,0,0,0,0,1,0,0,0,0,0,0,0,NA,"WP"
"598",2019-07-04,21,0,0,0,0,0,1,0,0,0,0,0,0,1,NA,"WP"
"599",2019-07-04,22,0,0,0,0,0,1,0,0,0,0,0,0,0,NA,"WP"
"600",2019-07-04,23,0,0,0,0,0,1,0,0,0,0,0,0,1,NA,"WP"
"601",2019-07-05,0,0,0,0,0,0,2,0,0,0,0,1,0,1,"; ; ","WP"
"602",2019-07-05,1,0,0,0,0,0,1,0,0,0,0,0,0,0,NA,"WP"
"603",2019-07-05,2,0,0,0,0,0,1,0,0,0,0,1,0,0,NA,"WP"
"604",2019-07-05,3,0,0,0,0,0,1,0,0,0,0,0,0,0,NA,"WP"
"605",2019-07-05,4,0,0,0,0,0,1,0,0,0,0,0,0,0,NA,"WP"
"606",2019-07-05,5,0,0,0,0,0,1,0,0,0,0,0,0,0,NA,"WP"
"607",2019-07-05,6,0,0,0,0,0,1,0,0,0,0,0,0,0,NA,"WP"
"608",2019-07-05,7,0,0,0,0,0,1,0,0,0,0,0,0,0,NA,"WP"
"609",2019-07-05,8,0,0,0,0,0,1,0,0,0,0,0,0,0,NA,"WP"
"610",2019-07-05,9,0,0,0,0,0,1,0,0,0,0,0,0,0,NA,"WP"
"611",2019-07-05,10,0,0,0,0,0,1,0,0,0,0,0,0,0,NA,"WP"
"612",2019-07-05,11,0,0,0,0,0,1,0,0,0,0,0,0,0,NA,"WP"
"613",2019-07-05,12,0,0,0,0,0,1,0,0,0,0,0,1,0,"; possible whale","WP"
"614",2019-07-05,13,0,0,0,0,0,1,0,0,0,0,0,0,0,NA,"WP"
"615",2019-07-05,14,0,0,0,0,0,1,0,0,0,0,0,0,0,NA,"WP"
"616",2019-07-05,15,0,0,0,0,0,1,0,0,0,0,0,1,0,"; possible whale","WP"
"617",2019-07-05,16,0,0,0,0,0,1,0,0,0,0,1,0,0,"; faint","WP"
"618",2019-07-05,17,0,0,0,0,0,1,0,0,0,0,0,1,0,"; possible dolphin","WP"
"619",2019-07-05,18,0,0,0,0,0,1,0,1,0,0,0,0,0,NA,"WP"
"620",2019-07-05,19,0,0,0,0,0,1,0,0,0,0,0,0,1,NA,"WP"
"621",2019-07-05,20,0,0,0,0,0,1,0,1,0,0,0,0,0,NA,"WP"
"622",2019-07-05,21,0,0,0,0,0,1,0,0,0,0,0,0,0,NA,"WP"
"623",2019-07-05,22,0,0,0,0,0,1,0,0,0,0,0,0,0,NA,"WP"
"624",2019-07-05,23,0,0,0,0,0,1,0,0,0,0,0,0,1,NA,"WP"
"625",2019-07-06,0,0,0,0,0,1,2,0,0,0,0,0,0,1,"; ; ","WP"
"626",2019-07-06,1,0,0,0,0,0,1,0,0,0,0,0,1,1,"; fish? whale? fast pulses","WP"
"627",2019-07-06,2,0,0,0,0,0,1,0,0,0,0,0,1,1,"; fish or whale, fast pulses","WP"
"628",2019-07-06,3,0,0,0,0,0,1,0,0,0,0,0,1,1,"; probably dolphins","WP"
"629",2019-07-06,4,0,0,0,0,0,1,0,0,0,0,0,0,0,NA,"WP"
"630",2019-07-06,5,0,0,0,0,0,1,0,0,0,0,0,0,0,NA,"WP"
"631",2019-07-06,6,0,0,0,0,0,1,0,0,1,0,0,0,0,"very loud pulses but not necessarily chorusing; ","WP"
"632",2019-07-06,7,0,0,0,0,0,1,0,0,0,0,0,1,0,"; possible whale","WP"
"633",2019-07-06,8,0,0,0,0,0,1,0,0,0,0,0,0,0,NA,"WP"
"634",2019-07-06,9,0,0,0,0,0,1,0,0,0,0,0,0,0,NA,"WP"
"635",2019-07-06,10,0,0,0,0,0,1,0,0,0,0,0,1,0,"; possible whale","WP"
"636",2019-07-06,11,0,0,0,0,0,1,0,0,0,0,0,0,1,NA,"WP"
"637",2019-07-06,12,0,0,0,0,1,1,0,0,0,0,0,0,1,NA,"WP"
"638",2019-07-06,13,0,0,0,0,0,1,0,0,0,0,0,1,0,"; possible whale","WP"
"639",2019-07-06,14,0,0,0,0,0,1,0,0,0,0,0,0,1,NA,"WP"
"640",2019-07-06,15,0,0,0,0,1,1,0,0,0,0,0,0,0,NA,"WP"
"641",2019-07-06,16,0,0,0,0,0,1,0,0,0,0,0,0,0,NA,"WP"
"642",2019-07-06,17,0,0,0,0,0,1,0,0,0,0,0,0,0,NA,"WP"
"643",2019-07-06,18,0,0,0,0,0,1,0,0,0,0,0,3,0,"; possible dolphin; possible whale; possible whale","WP"
"644",2019-07-06,19,0,0,0,0,0,1,0,0,0,0,0,1,0,"; possible dolphins","WP"
"645",2019-07-06,20,0,0,0,0,0,1,0,0,0,0,0,0,1,NA,"WP"
"646",2019-07-06,21,0,0,0,0,0,1,0,0,0,0,0,0,0,NA,"WP"
"647",2019-07-06,22,0,0,0,0,0,1,0,0,0,0,0,0,1,NA,"WP"
"648",2019-07-06,23,0,0,0,0,0,1,0,0,0,0,0,0,0,NA,"WP"
"649",2019-07-07,0,0,0,0,0,0,2,0,0,0,0,1,0,0,"; ; ","WP"
"650",2019-07-07,1,0,0,0,0,0,1,0,0,0,0,1,0,0,NA,"WP"
"651",2019-07-07,2,0,0,0,0,0,1,0,0,0,0,1,0,1,NA,"WP"
"652",2019-07-07,3,0,0,0,0,0,1,0,0,0,0,1,2,1,"; possible dolphin; faint; possible whale","WP"
"653",2019-07-07,4,0,0,0,0,2,1,0,0,0,0,0,0,1,"bunch of weird sounds inconsistent with song; ; more weird sounds","WP"
"654",2019-07-07,5,0,0,0,0,0,1,0,0,0,0,0,0,0,NA,"WP"
"655",2019-07-07,6,0,0,0,0,0,1,0,0,0,0,1,1,0,"possible whale; ; ","WP"
"656",2019-07-07,7,0,0,0,0,0,1,0,0,0,0,1,0,0,NA,"WP"
"657",2019-07-07,8,0,0,0,0,0,1,0,0,0,0,0,0,0,NA,"WP"
"658",2019-07-07,9,0,0,0,0,0,1,0,0,0,0,0,0,0,NA,"WP"
"659",2019-07-07,10,0,0,0,0,0,1,0,0,0,0,0,0,0,NA,"WP"
"660",2019-07-07,11,0,0,0,0,0,1,0,0,0,0,0,0,0,NA,"WP"
"661",2019-07-07,12,0,0,0,0,1,1,0,0,0,0,0,0,0,NA,"WP"
"662",2019-07-07,13,0,0,0,0,0,1,0,0,0,0,0,0,0,NA,"WP"
"663",2019-07-07,14,0,0,0,0,0,1,0,0,0,0,1,0,0,NA,"WP"
"664",2019-07-07,15,0,0,0,0,0,1,0,0,0,0,0,0,0,NA,"WP"
"665",2019-07-07,16,0,0,0,0,0,1,0,0,0,0,1,0,0,NA,"WP"
"666",2019-07-07,17,0,0,0,0,0,1,0,0,0,0,0,0,0,NA,"WP"
"667",2019-07-07,18,0,0,0,0,0,1,0,0,0,0,0,0,0,NA,"WP"
"668",2019-07-07,19,0,0,0,0,0,1,0,0,0,0,0,0,0,NA,"WP"
"669",2019-07-07,20,0,0,0,0,0,1,0,0,0,0,0,0,0,NA,"WP"
"670",2019-07-07,21,0,0,0,0,0,1,0,0,0,0,0,0,1,NA,"WP"
"671",2019-07-07,22,0,0,0,0,0,1,0,0,0,0,1,0,0,NA,"WP"
"672",2019-07-07,23,0,0,0,0,1,1,0,0,0,0,0,0,0,NA,"WP"
"673",2019-07-08,0,0,0,0,0,0,2,0,0,0,0,0,0,0,NA,"WP"
"674",2019-07-08,1,0,0,0,0,0,1,0,0,0,0,0,0,0,NA,"WP"
"675",2019-07-08,2,0,0,0,0,0,1,0,0,0,0,0,0,0,NA,"WP"
"676",2019-07-08,3,0,0,0,0,0,1,0,0,0,0,0,0,0,NA,"WP"
"677",2019-07-08,4,0,0,0,0,0,1,0,0,0,0,0,0,0,NA,"WP"
"678",2019-07-08,5,0,0,0,0,0,1,0,0,0,0,0,0,0,NA,"WP"
"679",2019-07-08,6,0,0,0,0,0,1,0,0,0,0,0,0,0,NA,"WP"
"680",2019-07-08,7,0,0,0,0,0,1,0,0,0,0,0,0,1,NA,"WP"
"681",2019-07-08,8,0,0,0,0,0,1,0,0,0,0,0,0,0,NA,"WP"
"682",2019-07-08,9,0,0,0,0,0,1,0,0,0,0,1,0,0,NA,"WP"
"683",2019-07-08,10,0,0,0,0,0,1,0,0,0,0,0,0,0,NA,"WP"
"684",2019-07-08,11,0,0,0,0,0,1,0,0,0,0,1,0,0,NA,"WP"
"685",2019-07-08,12,0,0,0,0,0,1,0,0,0,0,1,0,0,NA,"WP"
"686",2019-07-08,13,0,0,0,0,0,1,0,0,0,0,0,0,0,NA,"WP"
"687",2019-07-08,14,0,0,0,0,0,1,0,0,0,0,1,0,0,NA,"WP"
"688",2019-07-08,15,0,0,0,0,0,1,0,0,0,0,0,0,0,NA,"WP"
"689",2019-07-08,16,0,0,0,0,0,1,0,0,0,0,0,0,0,NA,"WP"
"690",2019-07-08,17,0,0,0,0,0,1,0,0,0,0,0,0,0,NA,"WP"
"691",2019-07-08,18,0,0,0,0,0,1,0,0,0,0,1,0,0,NA,"WP"
"692",2019-07-08,19,0,0,0,0,0,1,0,0,0,0,0,0,0,NA,"WP"
"693",2019-07-08,20,0,0,0,0,0,1,0,0,0,0,0,0,0,NA,"WP"
"694",2019-07-08,21,0,0,0,0,0,1,0,0,0,0,0,0,0,NA,"WP"
"695",2019-07-08,22,0,0,0,0,0,1,0,0,0,0,0,0,0,NA,"WP"
"696",2019-07-08,23,0,0,0,0,0,1,0,0,0,0,0,0,0,NA,"WP"
"697",2019-07-09,0,0,0,0,0,0,2,0,0,0,0,0,0,0,NA,"WP"
"698",2019-07-09,1,0,0,0,0,0,1,0,0,0,0,0,0,0,NA,"WP"
"699",2019-07-09,2,0,0,0,0,0,1,0,0,0,0,0,0,0,NA,"WP"
"700",2019-07-09,3,0,0,0,0,0,1,0,0,0,0,0,0,0,NA,"WP"
"701",2019-07-09,4,0,0,0,0,0,1,0,0,0,0,0,0,0,NA,"WP"
"702",2019-07-09,5,0,0,0,0,0,1,0,0,0,0,0,0,0,NA,"WP"
"703",2019-07-09,6,0,0,0,0,0,1,0,0,0,0,0,0,0,NA,"WP"
"704",2019-07-09,7,0,0,0,0,0,1,0,0,0,0,0,0,0,NA,"WP"
"705",2019-07-09,8,0,0,0,0,0,1,0,0,0,0,0,0,0,NA,"WP"
"706",2019-07-09,9,0,0,0,0,0,1,0,0,0,0,0,0,0,NA,"WP"
"707",2019-07-09,10,0,0,0,0,0,1,0,0,0,0,0,0,0,NA,"WP"
"708",2019-07-09,11,0,0,0,0,0,1,0,0,0,0,0,0,0,NA,"WP"
"709",2019-07-09,12,0,0,0,0,0,1,0,0,0,0,0,0,0,NA,"WP"
"710",2019-07-09,13,0,0,0,0,0,1,0,0,0,0,0,0,0,NA,"WP"
"711",2019-07-09,14,0,0,0,0,0,1,0,0,0,0,0,0,0,NA,"WP"
"712",2019-07-09,15,0,0,0,0,0,1,0,0,0,0,0,0,0,NA,"WP"
"713",2019-07-09,16,0,0,0,0,0,1,0,0,0,0,0,0,0,NA,"WP"
"714",2019-07-09,17,0,0,0,0,0,1,0,0,0,0,0,0,0,NA,"WP"
"715",2019-07-09,18,0,0,0,0,0,1,0,0,0,0,0,0,0,NA,"WP"
"716",2019-07-09,19,0,0,0,0,0,1,0,0,0,0,0,0,0,NA,"WP"
"717",2019-07-09,20,0,0,0,0,0,1,0,0,0,0,0,0,0,NA,"WP"
"718",2019-07-09,21,0,0,0,0,0,1,0,0,0,0,0,0,0,NA,"WP"
"719",2019-07-09,22,0,0,0,0,0,1,0,0,0,0,0,0,0,NA,"WP"
"720",2019-07-09,23,0,0,0,0,0,1,0,0,0,0,0,0,0,NA,"WP"
"721",2019-07-10,0,0,0,0,0,0,2,0,0,0,0,0,0,0,NA,"WP"
"722",2019-07-10,1,0,0,0,0,0,1,0,0,0,0,0,0,0,NA,"WP"
"723",2019-07-10,2,0,0,0,0,0,1,0,0,0,0,0,0,0,NA,"WP"
"724",2019-07-10,3,0,0,0,0,0,1,0,0,0,0,0,0,1,NA,"WP"
"725",2019-07-10,4,0,0,0,0,0,1,0,0,0,0,0,0,1,NA,"WP"
"726",2019-07-10,5,0,0,0,0,0,1,0,0,0,0,0,0,0,NA,"WP"
"727",2019-07-10,6,0,0,0,0,0,1,0,0,0,0,0,0,0,NA,"WP"
"728",2019-07-10,7,0,0,0,0,0,1,0,0,0,0,0,0,0,NA,"WP"
"729",2019-07-10,8,0,0,0,0,0,1,0,0,0,0,0,0,0,NA,"WP"
"730",2019-07-10,9,0,0,0,0,0,1,0,0,0,0,0,0,0,NA,"WP"
"731",2019-07-10,10,0,0,0,0,0,1,0,0,0,0,0,0,0,NA,"WP"
"732",2019-07-10,11,0,0,0,0,0,1,0,0,0,0,0,0,0,NA,"WP"
"733",2019-07-10,12,0,0,0,0,0,1,0,0,0,0,0,0,0,NA,"WP"
"734",2019-07-10,13,0,0,0,0,1,1,0,0,0,0,0,0,0,"also surface active sounds; ","WP"
"735",2019-07-10,14,0,0,0,0,0,1,0,0,0,0,0,0,0,NA,"WP"
"736",2019-07-10,15,0,0,0,0,0,1,0,0,0,0,0,0,0,NA,"WP"
"737",2019-07-10,16,0,0,0,0,0,1,0,0,0,0,0,0,0,NA,"WP"
"738",2019-07-10,17,0,0,0,0,0,1,0,0,0,0,0,0,0,NA,"WP"
"739",2019-07-10,18,0,0,0,0,0,1,0,0,0,0,0,0,0,NA,"WP"
"740",2019-07-10,19,0,0,0,0,0,1,0,0,0,0,0,0,1,NA,"WP"
"741",2019-07-10,20,0,0,0,0,0,1,0,0,0,0,0,0,0,NA,"WP"
"742",2019-07-10,21,0,0,0,0,0,1,0,0,0,0,0,0,0,NA,"WP"
"743",2019-07-10,22,0,0,0,0,1,1,0,0,0,0,0,0,0,NA,"WP"
"744",2019-07-10,23,0,0,0,0,0,1,0,0,0,0,0,0,0,NA,"WP"
"745",2019-07-11,0,0,0,0,0,0,2,0,0,0,0,0,0,0,NA,"WP"
"746",2019-07-11,1,0,0,0,0,0,1,0,0,0,0,0,0,1,NA,"WP"
"747",2019-07-11,2,0,0,0,0,0,1,0,0,0,0,0,0,0,NA,"WP"
"748",2019-07-11,3,0,0,0,0,0,1,0,0,0,0,0,0,1,NA,"WP"
"749",2019-07-11,4,0,0,0,0,0,1,0,0,0,0,0,0,0,NA,"WP"
"750",2019-07-11,5,0,0,0,0,0,1,0,0,0,0,0,0,0,NA,"WP"
"751",2019-07-11,6,0,0,0,0,0,1,0,1,0,0,0,0,0,NA,"WP"
"752",2019-07-11,7,0,0,0,0,0,1,0,0,0,0,0,0,0,NA,"WP"
"753",2019-07-11,8,0,0,0,0,0,1,0,0,0,0,1,0,0,NA,"WP"
"754",2019-07-11,9,0,0,0,0,0,1,0,0,0,0,1,0,0,NA,"WP"
"755",2019-07-11,10,0,0,0,0,0,1,0,0,0,0,0,0,0,NA,"WP"
"756",2019-07-11,11,0,0,0,0,0,1,0,0,0,0,0,0,0,NA,"WP"
"757",2019-07-11,12,0,0,0,0,0,1,0,0,0,0,0,0,0,NA,"WP"
"758",2019-07-11,13,0,0,0,0,0,1,0,0,0,0,0,0,0,NA,"WP"
"759",2019-07-11,14,0,0,0,0,0,1,0,0,0,0,0,0,0,NA,"WP"
"760",2019-07-11,15,0,0,0,0,0,1,0,0,0,0,0,0,0,NA,"WP"
"761",2019-07-11,16,0,0,0,0,0,1,0,0,0,0,0,0,0,NA,"WP"
"762",2019-07-11,17,0,0,0,0,0,1,0,0,0,0,0,0,0,NA,"WP"
"763",2019-07-11,18,0,0,0,0,0,1,0,0,0,0,0,0,0,NA,"WP"
"764",2019-07-11,19,0,0,0,0,0,1,0,0,0,0,0,0,0,NA,"WP"
"765",2019-07-11,20,0,0,0,0,0,1,0,0,0,0,0,0,0,NA,"WP"
"766",2019-07-11,21,0,0,0,0,0,1,0,0,0,0,0,0,0,NA,"WP"
"767",2019-07-11,22,0,0,0,0,0,1,0,0,0,0,0,0,0,NA,"WP"
"768",2019-07-11,23,0,0,0,0,0,1,0,0,0,0,0,0,0,NA,"WP"
"769",2019-07-12,0,0,0,0,0,0,2,0,0,0,0,0,0,0,NA,"WP"
"770",2019-07-12,1,0,0,0,0,0,1,0,0,0,0,0,0,0,NA,"WP"
"771",2019-07-12,2,0,0,0,0,0,1,0,0,0,0,0,0,0,NA,"WP"
"772",2019-07-12,3,0,0,0,0,0,1,0,0,0,0,0,0,0,NA,"WP"
"773",2019-07-12,4,0,0,0,0,0,1,0,0,0,0,0,0,0,NA,"WP"
"774",2019-07-12,5,0,0,0,0,0,1,0,0,0,0,0,0,0,NA,"WP"
"775",2019-07-12,6,0,0,0,0,0,1,0,0,0,0,0,0,0,NA,"WP"
"776",2019-07-12,7,0,0,0,0,0,1,0,0,0,0,0,0,0,NA,"WP"
"777",2019-07-12,8,0,0,0,0,0,1,0,0,0,0,0,0,0,NA,"WP"
"778",2019-07-12,9,0,0,0,0,0,1,0,0,0,0,0,0,0,NA,"WP"
"779",2019-07-12,10,0,0,0,0,0,1,0,0,0,0,0,0,0,NA,"WP"
"780",2019-07-12,11,0,0,0,0,0,1,0,0,0,0,0,0,0,NA,"WP"
"781",2019-07-12,12,0,0,0,0,0,1,0,1,0,0,0,0,0,NA,"WP"
"782",2019-07-12,13,0,0,0,0,0,1,0,0,0,0,0,0,0,NA,"WP"
"783",2019-07-12,14,0,0,0,0,0,1,0,0,0,0,0,0,0,NA,"WP"
"784",2019-07-12,15,0,0,0,0,0,1,0,0,0,0,0,0,0,NA,"WP"
"785",2019-07-12,16,0,0,0,0,0,2,0,1,0,0,0,0,0,NA,"WP"
"786",2019-07-12,17,0,0,0,0,0,1,0,0,0,0,0,0,0,NA,"WP"
"787",2019-07-12,18,0,0,0,0,0,1,0,0,0,0,0,0,0,NA,"WP"
"788",2019-07-12,19,0,0,0,0,0,1,0,0,0,0,0,0,1,NA,"WP"
"789",2019-07-12,20,0,0,0,0,0,1,0,0,0,0,0,0,1,NA,"WP"
"790",2019-07-12,21,0,0,0,0,0,1,0,0,0,0,0,0,0,NA,"WP"
"791",2019-07-12,22,0,0,0,0,0,1,0,0,0,0,0,0,0,NA,"WP"
"792",2019-07-12,23,0,0,0,0,0,1,0,0,0,0,0,0,0,NA,"WP"
"793",2019-07-13,0,0,0,0,0,0,2,0,0,0,0,0,0,0,NA,"WP"
"794",2019-07-13,1,0,0,0,0,0,1,0,0,0,0,0,0,0,NA,"WP"
"795",2019-07-13,2,0,0,0,0,0,1,0,0,0,0,0,0,0,NA,"WP"
"796",2019-07-13,3,0,0,0,0,0,1,0,0,0,0,0,0,0,NA,"WP"
"797",2019-07-13,4,0,0,0,0,0,1,0,0,0,0,0,0,0,NA,"WP"
"798",2019-07-13,5,0,0,0,0,0,1,0,0,0,0,0,0,0,NA,"WP"
"799",2019-07-13,6,0,0,0,0,0,1,0,0,0,0,0,0,0,NA,"WP"
"800",2019-07-13,7,0,0,0,0,0,1,0,0,0,0,0,0,0,NA,"WP"
"801",2019-07-13,8,0,0,0,0,0,1,0,0,0,0,0,0,0,NA,"WP"
"802",2019-07-13,9,0,0,0,0,0,1,0,0,0,0,0,0,0,NA,"WP"
"803",2019-07-13,10,0,0,0,0,0,1,0,0,0,0,0,0,0,NA,"WP"
"804",2019-07-13,11,0,0,0,0,0,1,0,0,0,0,0,0,0,NA,"WP"
"805",2019-07-13,12,0,0,0,0,0,1,0,0,0,0,0,0,0,NA,"WP"
"806",2019-07-13,13,0,0,0,0,0,1,0,0,0,0,0,0,0,NA,"WP"
"807",2019-07-13,14,0,0,0,0,0,2,0,1,0,0,0,0,0,"; ; ","WP"
"808",2019-07-13,15,0,0,0,0,0,1,0,0,0,0,0,0,0,NA,"WP"
"809",2019-07-13,16,0,0,0,0,0,1,0,1,0,0,0,0,0,NA,"WP"
"810",2019-07-13,17,0,0,0,0,0,1,0,2,0,0,0,0,0,"; ; ","WP"
"811",2019-07-13,18,0,0,0,0,0,1,0,1,0,0,0,0,0,NA,"WP"
"812",2019-07-13,19,0,0,0,0,0,1,0,1,0,0,0,0,1,NA,"WP"
"813",2019-07-13,20,0,0,0,0,0,1,0,0,0,0,0,0,1,NA,"WP"
"814",2019-07-13,21,0,0,0,0,0,1,0,0,0,0,0,2,1,"; Mn or dolphin?; possible whale","WP"
"815",2019-07-13,22,0,0,0,0,0,1,0,0,0,0,0,0,0,NA,"WP"
"816",2019-07-13,23,0,0,0,0,0,1,0,0,0,0,0,1,0,"; possible whale","WP"
"817",2019-07-14,0,0,0,0,0,0,2,0,0,0,0,0,0,0,NA,"WP"
"818",2019-07-14,1,0,0,0,0,0,2,0,0,0,0,0,0,0,NA,"WP"
"819",2019-07-14,2,NA,NA,NA,NA,NA,NA,NA,0,0,NA,NA,0,0,NA,"WP"
"820",2019-07-14,3,0,0,0,0,0,1,0,0,0,0,0,0,0,NA,"WP"
"821",2019-07-14,4,0,0,0,0,0,1,0,0,0,0,0,0,0,NA,"WP"
"822",2019-07-14,5,0,0,0,0,0,1,0,0,0,0,0,0,0,NA,"WP"
"823",2019-07-14,6,0,0,0,0,0,1,0,0,0,0,0,0,0,NA,"WP"
"824",2019-07-14,7,0,0,0,0,0,1,0,0,0,0,0,0,0,NA,"WP"
"825",2019-07-14,8,0,0,0,0,0,1,0,0,0,0,0,0,0,NA,"WP"
"826",2019-07-14,9,0,0,0,0,0,1,0,1,0,0,0,0,0,NA,"WP"
"827",2019-07-14,10,0,0,0,0,0,1,0,1,0,0,0,0,0,NA,"WP"
"828",2019-07-14,11,0,0,0,0,0,1,0,1,0,0,0,0,0,NA,"WP"
"829",2019-07-14,12,0,0,0,0,0,1,0,1,0,0,0,0,0,NA,"WP"
"830",2019-07-14,13,0,0,0,0,0,1,0,1,0,0,0,0,0,NA,"WP"
"831",2019-07-14,14,0,0,0,0,0,1,0,1,0,0,0,0,0,NA,"WP"
"832",2019-07-14,15,0,0,0,0,0,1,0,1,0,0,0,0,0,NA,"WP"
"833",2019-07-14,16,0,0,0,0,0,1,0,1,0,0,0,0,0,NA,"WP"
"834",2019-07-14,17,0,0,0,0,0,1,0,2,0,0,0,0,0,NA,"WP"
"835",2019-07-14,18,0,0,0,0,0,1,0,1,0,0,0,0,0,NA,"WP"
"836",2019-07-14,19,0,0,0,0,0,1,0,1,0,0,0,0,0,NA,"WP"
"837",2019-07-14,20,0,0,0,0,0,1,0,1,0,0,0,0,0,NA,"WP"
"838",2019-07-14,21,0,0,0,0,0,1,0,0,0,0,0,0,0,NA,"WP"
"839",2019-07-14,22,0,0,0,0,0,1,0,0,0,0,0,0,0,NA,"WP"
"840",2019-07-14,23,0,0,0,0,0,1,0,0,0,0,0,0,0,NA,"WP"
"841",2019-07-15,0,0,0,0,0,0,2,0,0,0,0,0,0,0,NA,"WP"
"842",2019-07-15,1,0,0,0,0,0,1,0,0,0,0,0,1,1,"; fish?","WP"
"843",2019-07-15,2,0,0,0,0,0,1,0,0,0,0,0,0,0,NA,"WP"
"844",2019-07-15,3,0,0,0,0,0,1,0,0,0,0,0,0,0,NA,"WP"
"845",2019-07-15,4,0,0,0,0,0,1,0,0,0,0,0,0,0,NA,"WP"
"846",2019-07-15,5,0,0,0,0,0,1,0,0,0,0,0,0,0,NA,"WP"
"847",2019-07-15,6,0,0,0,0,0,1,0,0,0,0,0,1,0,"; possible whale","WP"
"848",2019-07-15,7,0,0,0,0,0,1,0,0,0,0,0,0,0,NA,"WP"
"849",2019-07-15,8,0,0,0,0,0,1,0,0,0,0,0,0,1,NA,"WP"
"850",2019-07-15,9,0,0,0,0,0,1,0,0,0,0,0,0,1,NA,"WP"
"851",2019-07-15,10,0,0,0,0,0,1,0,1,0,0,0,0,0,NA,"WP"
"852",2019-07-15,11,0,0,0,0,0,1,0,0,0,0,0,0,0,NA,"WP"
"853",2019-07-15,12,0,0,0,0,0,1,0,0,0,0,0,1,0,"; Mn or dolphin","WP"
"854",2019-07-15,13,0,0,0,0,0,1,0,1,0,0,0,0,0,NA,"WP"
"855",2019-07-15,14,0,0,0,0,0,1,0,1,0,0,0,0,0,NA,"WP"
"856",2019-07-15,15,0,0,0,0,0,1,0,1,0,0,0,0,0,NA,"WP"
"857",2019-07-15,16,0,0,0,0,0,1,0,1,0,0,0,0,0,NA,"WP"
"858",2019-07-15,17,0,0,0,0,0,1,0,1,0,0,0,0,0,NA,"WP"
"859",2019-07-15,18,0,0,0,0,0,1,0,1,0,0,0,0,0,NA,"WP"
"860",2019-07-15,19,0,0,0,0,0,1,0,1,0,0,0,0,0,NA,"WP"
"861",2019-07-15,20,0,0,0,0,0,1,0,0,0,0,0,1,0,"; Mn or dolphin","WP"
"862",2019-07-15,21,0,0,0,0,0,1,0,0,0,0,0,0,0,NA,"WP"
"863",2019-07-15,22,0,0,0,0,0,1,0,0,0,0,0,0,0,NA,"WP"
"864",2019-07-15,23,0,0,0,0,0,1,0,0,0,0,0,0,0,NA,"WP"
"865",2019-07-16,0,0,0,0,0,0,2,0,0,0,0,0,0,0,NA,"WP"
"866",2019-07-16,1,0,0,0,0,0,1,0,0,0,0,0,0,1,NA,"WP"
"867",2019-07-16,2,0,0,0,0,0,1,0,0,0,0,0,0,1,NA,"WP"
"868",2019-07-16,3,0,0,0,0,0,1,0,0,0,0,0,0,0,NA,"WP"
"869",2019-07-16,4,0,0,0,0,0,1,0,0,0,0,0,0,0,NA,"WP"
"870",2019-07-16,5,0,0,0,0,0,1,0,0,0,0,0,0,0,NA,"WP"
"871",2019-07-16,6,0,0,0,0,0,1,0,0,0,0,0,0,0,NA,"WP"
"872",2019-07-16,7,0,0,0,0,0,1,0,0,0,0,0,0,0,NA,"WP"
"873",2019-07-16,8,0,0,0,0,0,1,0,0,0,0,0,0,0,NA,"WP"
"874",2019-07-16,9,0,0,0,0,0,1,0,0,0,0,0,0,0,NA,"WP"
"875",2019-07-16,10,0,0,0,0,0,1,0,0,0,0,0,0,0,NA,"WP"
"876",2019-07-16,11,0,0,0,0,0,1,0,1,0,0,0,0,0,NA,"WP"
"877",2019-07-16,12,0,0,0,0,0,1,0,1,0,0,0,0,0,NA,"WP"
"878",2019-07-16,13,0,0,0,0,0,1,0,1,0,0,0,0,0,NA,"WP"
"879",2019-07-16,14,0,0,0,0,0,1,0,1,0,0,0,0,0,NA,"WP"
"880",2019-07-16,15,0,0,0,0,0,1,0,1,0,0,0,0,0,NA,"WP"
"881",2019-07-16,16,0,1,0,0,0,0,0,1,0,0,0,0,0,NA,"WP"
"882",2019-07-16,17,0,0,0,0,0,1,0,1,0,0,0,0,0,NA,"WP"
"883",2019-07-16,18,0,0,0,0,0,1,0,1,0,0,0,0,0,NA,"WP"
"884",2019-07-16,19,0,0,0,0,0,1,0,1,0,0,0,0,0,NA,"WP"
"885",2019-07-16,20,0,0,0,0,0,1,0,1,0,0,0,0,0,NA,"WP"
"886",2019-07-16,21,0,0,0,0,0,1,0,0,0,0,0,0,0,NA,"WP"
"887",2019-07-16,22,0,0,0,0,0,1,0,0,0,0,0,0,0,NA,"WP"
"888",2019-07-16,23,0,0,0,0,0,1,0,0,0,0,0,0,0,NA,"WP"
"889",2019-07-17,0,0,0,0,0,0,2,0,0,0,0,0,0,0,NA,"WP"
"890",2019-07-17,1,0,0,0,0,0,1,0,0,0,0,0,0,0,NA,"WP"
"891",2019-07-17,2,0,0,0,0,0,1,0,0,0,0,0,0,0,NA,"WP"
"892",2019-07-17,3,0,0,0,0,0,1,0,0,0,0,0,1,0,"; possible whale, probably Mn","WP"
"893",2019-07-17,4,0,0,0,0,0,1,0,0,0,0,0,0,0,NA,"WP"
"894",2019-07-17,5,0,0,0,0,0,1,0,0,0,0,0,0,0,NA,"WP"
"895",2019-07-17,6,0,0,0,0,0,1,0,0,0,0,0,0,0,NA,"WP"
"896",2019-07-17,7,0,0,0,0,0,1,0,0,0,0,0,0,0,NA,"WP"
"897",2019-07-17,8,0,0,0,0,0,1,0,0,0,0,0,0,0,NA,"WP"
"898",2019-07-17,9,0,0,0,0,0,1,0,0,0,0,0,0,0,NA,"WP"
"899",2019-07-17,10,0,0,0,0,0,1,0,0,0,0,0,0,0,NA,"WP"
"900",2019-07-17,11,0,0,0,0,0,1,0,0,0,0,0,0,0,NA,"WP"
"901",2019-07-17,12,0,0,0,0,0,1,0,1,0,0,0,0,0,NA,"WP"
"902",2019-07-17,13,0,0,0,0,0,1,0,1,0,0,0,0,0,NA,"WP"
"903",2019-07-17,14,0,0,0,0,0,1,0,1,0,0,0,0,0,NA,"WP"
"904",2019-07-17,15,0,0,0,0,0,1,0,1,0,0,0,0,0,NA,"WP"
"905",2019-07-17,16,0,0,0,0,0,1,0,1,0,0,0,1,0,"; ; possible whale","WP"
"906",2019-07-17,17,0,0,0,0,0,1,0,1,0,0,0,0,0,NA,"WP"
"907",2019-07-17,18,0,0,0,0,0,1,0,1,0,0,0,0,1,NA,"WP"
"908",2019-07-17,19,0,0,0,0,0,1,0,1,0,0,0,0,0,NA,"WP"
"909",2019-07-17,20,0,0,0,0,0,1,0,1,0,0,0,0,0,NA,"WP"
"910",2019-07-17,21,0,0,0,0,0,1,0,0,0,0,0,0,0,NA,"WP"
"911",2019-07-17,22,0,0,0,0,0,1,0,0,0,0,0,0,0,NA,"WP"
"912",2019-07-17,23,0,0,0,0,0,1,0,0,0,0,0,0,0,NA,"WP"
"913",2019-07-18,0,0,0,0,0,0,2,0,0,0,0,0,0,0,NA,"WP"
"914",2019-07-18,1,0,0,0,0,0,1,0,0,0,0,0,0,1,NA,"WP"
"915",2019-07-18,2,0,0,0,0,0,1,0,0,0,0,0,1,1,"; squeaky calls","WP"
"916",2019-07-18,3,0,0,0,0,0,2,0,0,0,0,0,0,1,NA,"WP"
"917",2019-07-18,4,1,0,0,0,0,1,0,0,0,0,0,0,1,NA,"WP"
"918",2019-07-18,5,0,0,0,0,0,1,0,0,0,0,0,0,1,NA,"WP"
"919",2019-07-18,6,0,0,0,0,0,1,0,0,0,0,0,0,0,NA,"WP"
"920",2019-07-18,7,0,0,0,0,0,1,0,0,0,0,0,0,0,NA,"WP"
"921",2019-07-18,8,0,0,0,0,0,1,0,0,0,0,0,0,0,NA,"WP"
"922",2019-07-18,9,0,0,0,0,0,1,0,0,0,0,0,0,0,NA,"WP"
"923",2019-07-18,10,0,0,0,0,0,1,0,0,0,0,0,0,0,NA,"WP"
"924",2019-07-18,11,0,0,0,0,0,1,0,0,0,0,0,0,0,NA,"WP"
"925",2019-07-18,12,0,0,0,0,0,1,0,0,0,0,0,0,0,NA,"WP"
"926",2019-07-18,13,0,0,0,0,0,1,0,0,0,0,0,0,0,NA,"WP"
"927",2019-07-18,14,0,0,0,0,0,1,0,1,0,0,0,0,0,NA,"WP"
"928",2019-07-18,15,0,0,0,0,0,1,0,0,0,0,0,0,1,NA,"WP"
"929",2019-07-18,16,0,0,0,0,1,1,0,0,0,0,0,0,1,NA,"WP"
"930",2019-07-18,17,0,0,0,0,0,1,0,1,0,0,0,0,0,NA,"WP"
"931",2019-07-18,18,0,0,0,0,0,1,0,1,0,0,0,0,1,NA,"WP"
"932",2019-07-18,19,0,0,0,0,0,1,0,1,0,0,0,0,1,"loud; ","WP"
"933",2019-07-18,20,0,0,0,0,0,1,0,1,0,0,0,0,1,NA,"WP"
"934",2019-07-18,21,0,0,0,0,0,1,0,0,0,0,0,0,0,NA,"WP"
"935",2019-07-18,22,0,0,0,0,0,1,0,0,0,0,0,0,0,NA,"WP"
"936",2019-07-18,23,0,0,0,0,0,1,0,0,0,0,0,0,0,NA,"WP"
"937",2019-07-19,0,0,0,0,0,0,2,0,0,0,0,0,0,1,NA,"WP"
"938",2019-07-19,1,0,0,0,0,0,1,0,0,0,0,0,0,0,NA,"WP"
"939",2019-07-19,2,0,0,0,0,0,1,0,0,0,0,0,0,0,NA,"WP"
"940",2019-07-19,3,0,0,0,0,0,1,0,0,0,0,0,0,0,NA,"WP"
"941",2019-07-19,4,0,0,0,0,0,1,0,0,0,0,0,0,1,NA,"WP"
"942",2019-07-19,5,0,0,0,0,0,1,0,0,0,0,0,0,0,NA,"WP"
"943",2019-07-19,6,0,0,0,0,0,1,0,0,0,0,0,0,0,NA,"WP"
"944",2019-07-19,7,0,0,0,0,0,1,0,0,0,0,0,0,0,NA,"WP"
"945",2019-07-19,8,0,0,0,0,0,1,0,0,0,0,0,0,0,NA,"WP"
"946",2019-07-19,9,0,0,0,0,0,1,0,0,0,0,0,0,0,NA,"WP"
"947",2019-07-19,10,0,0,0,0,0,1,0,0,0,0,0,0,0,NA,"WP"
"948",2019-07-19,11,0,0,0,0,0,1,0,0,0,0,0,0,0,NA,"WP"
"949",2019-07-19,12,0,0,0,0,0,1,0,0,0,0,0,0,0,NA,"WP"
"950",2019-07-19,13,0,0,0,0,0,1,0,0,0,0,0,0,0,NA,"WP"
"951",2019-07-19,14,0,0,0,0,0,1,0,0,0,0,0,0,0,NA,"WP"
"952",2019-07-19,15,0,0,0,0,1,1,0,0,0,0,0,0,0,NA,"WP"
"953",2019-07-19,16,0,0,0,0,2,1,0,0,0,0,0,0,0,NA,"WP"
"954",2019-07-19,17,0,0,0,0,0,1,0,0,0,0,0,0,0,NA,"WP"
"955",2019-07-19,18,0,0,0,0,0,1,0,0,0,0,0,0,0,NA,"WP"
"956",2019-07-19,19,0,0,0,0,0,1,0,0,0,0,0,0,0,NA,"WP"
"957",2019-07-19,20,0,0,0,0,2,1,0,0,0,0,0,0,0,NA,"WP"
"958",2019-07-19,21,0,0,0,0,0,1,0,0,0,0,0,0,1,NA,"WP"
"959",2019-07-19,22,0,0,0,0,0,1,0,0,0,0,0,0,1,NA,"WP"
"960",2019-07-19,23,0,0,0,0,0,1,0,0,0,0,0,0,1,NA,"WP"
"961",2019-07-20,0,0,0,0,0,0,2,0,0,0,0,0,0,0,NA,"WP"
"962",2019-07-20,1,0,0,0,0,0,1,0,0,0,0,0,0,0,NA,"WP"
"963",2019-07-20,2,0,0,0,0,2,1,0,0,0,0,0,0,0,"; ; possble comp pod","WP"
"964",2019-07-20,3,0,0,0,0,0,1,0,0,0,0,0,0,0,NA,"WP"
"965",2019-07-20,4,0,0,0,0,0,1,0,0,0,0,0,0,0,NA,"WP"
"966",2019-07-20,5,0,0,0,0,0,1,0,0,0,0,0,0,0,NA,"WP"
"967",2019-07-20,6,0,0,0,0,0,1,0,0,0,0,0,0,0,NA,"WP"
"968",2019-07-20,7,0,0,0,0,0,1,0,0,0,0,0,0,0,NA,"WP"
"969",2019-07-20,8,0,0,0,0,0,1,0,0,0,0,0,0,0,NA,"WP"
"970",2019-07-20,9,0,0,0,0,0,1,0,0,0,0,0,0,0,NA,"WP"
"971",2019-07-20,10,0,0,0,0,0,1,0,0,0,0,0,0,0,NA,"WP"
"972",2019-07-20,11,0,0,0,0,0,1,0,0,0,0,0,0,0,NA,"WP"
"973",2019-07-20,12,0,0,0,0,1,1,0,0,0,0,0,0,0,NA,"WP"
"974",2019-07-20,13,0,0,0,0,0,1,0,0,0,0,0,0,0,NA,"WP"
"975",2019-07-20,14,0,0,0,0,0,1,0,0,0,0,0,1,0,"; possible whale, could be Mn","WP"
"976",2019-07-20,15,0,0,0,0,0,1,0,0,0,0,0,0,0,NA,"WP"
"977",2019-07-20,16,0,0,0,0,1,1,0,0,0,0,0,0,0,NA,"WP"
"978",2019-07-20,17,0,0,0,0,0,1,0,0,0,0,0,0,0,NA,"WP"
"979",2019-07-20,18,0,0,0,0,0,1,0,0,0,0,0,1,1,"; Mn or dolphin, squeaky","WP"
"980",2019-07-20,19,0,0,0,0,0,1,0,0,0,0,0,0,0,NA,"WP"
"981",2019-07-20,20,0,0,0,0,0,1,0,0,0,0,0,0,1,NA,"WP"
"982",2019-07-20,21,0,0,0,0,0,1,0,0,0,0,0,0,1,NA,"WP"
"983",2019-07-20,22,0,0,0,0,0,1,0,0,0,0,0,0,0,NA,"WP"
"984",2019-07-20,23,0,0,0,0,0,1,0,0,0,0,0,0,0,NA,"WP"
"985",2019-07-21,0,0,0,0,0,0,2,0,0,0,0,0,0,0,NA,"WP"
"986",2019-07-21,1,0,0,0,0,0,1,0,0,0,0,0,0,0,NA,"WP"
"987",2019-07-21,2,0,0,0,0,0,1,0,0,0,0,0,0,0,NA,"WP"
"988",2019-07-21,3,0,0,0,0,0,1,0,0,0,0,0,0,0,NA,"WP"
"989",2019-07-21,4,0,0,0,0,0,1,0,0,0,0,0,0,0,NA,"WP"
"990",2019-07-21,5,0,0,0,0,0,1,0,0,0,0,0,0,0,NA,"WP"
"991",2019-07-21,6,0,0,0,0,0,1,0,0,0,0,0,0,0,NA,"WP"
"992",2019-07-21,7,0,0,0,0,0,1,0,0,0,0,0,0,0,NA,"WP"
"993",2019-07-21,8,0,0,0,0,0,1,0,0,0,0,0,0,0,NA,"WP"
"994",2019-07-21,9,0,0,0,0,0,1,0,0,0,0,0,0,0,NA,"WP"
"995",2019-07-21,10,0,0,0,0,0,1,0,0,0,0,0,0,0,NA,"WP"
"996",2019-07-21,11,0,0,0,0,0,1,0,0,0,0,0,0,0,NA,"WP"
"997",2019-07-21,12,0,0,0,0,0,1,0,0,0,0,0,0,0,NA,"WP"
"998",2019-07-21,13,0,0,0,0,0,1,0,0,0,0,0,0,0,NA,"WP"
"999",2019-07-21,14,0,0,0,0,0,1,0,0,0,0,0,0,0,NA,"WP"
"1000",2019-07-21,15,0,0,0,0,0,1,0,0,0,0,0,0,0,NA,"WP"
"1001",2019-07-21,16,0,0,0,0,1,1,0,0,0,0,0,0,0,NA,"WP"
"1002",2019-07-21,17,0,0,0,0,0,1,0,0,0,0,0,0,0,NA,"WP"
"1003",2019-07-21,18,0,0,0,0,0,1,0,0,0,0,0,0,0,NA,"WP"
"1004",2019-07-21,19,0,0,0,0,0,1,0,0,0,0,0,0,0,NA,"WP"
"1005",2019-07-21,20,0,0,0,0,0,1,0,0,0,0,0,0,0,NA,"WP"
"1006",2019-07-21,21,0,0,0,0,0,1,0,0,0,0,0,0,0,NA,"WP"
"1007",2019-07-21,22,0,0,0,0,0,1,0,0,0,0,0,0,0,NA,"WP"
"1008",2019-07-21,23,0,0,0,0,0,1,0,0,0,0,0,0,0,NA,"WP"
"1009",2019-07-22,0,0,0,0,0,0,2,0,0,0,0,0,0,0,NA,"WP"
"1010",2019-07-22,1,0,0,0,0,0,1,0,0,0,0,0,0,0,NA,"WP"
"1011",2019-07-22,2,0,0,0,0,0,1,0,0,0,0,0,0,0,NA,"WP"
"1012",2019-07-22,3,0,0,0,0,0,1,0,0,0,0,0,0,0,NA,"WP"
"1013",2019-07-22,4,0,0,0,0,0,1,0,0,0,0,0,0,0,NA,"WP"
"1014",2019-07-22,5,0,0,0,0,0,1,0,0,0,0,0,0,0,NA,"WP"
"1015",2019-07-22,6,0,0,0,0,0,1,0,0,0,0,0,0,0,NA,"WP"
"1016",2019-07-22,7,0,0,0,0,0,1,0,0,0,0,0,0,0,NA,"WP"
"1017",2019-07-22,8,0,0,0,0,0,1,0,0,0,0,0,0,0,NA,"WP"
"1018",2019-07-22,9,0,0,0,0,0,1,0,0,0,0,0,0,0,NA,"WP"
"1019",2019-07-22,10,0,0,0,0,0,1,0,0,0,0,0,0,0,NA,"WP"
"1020",2019-07-22,11,0,0,0,0,1,1,0,0,0,0,0,0,0,NA,"WP"
"1021",2019-07-22,12,0,0,0,0,0,1,0,0,0,0,0,0,0,NA,"WP"
"1022",2019-07-22,13,0,0,0,0,0,1,0,0,0,0,0,0,0,NA,"WP"
"1023",2019-07-22,14,0,0,0,0,0,1,0,0,0,0,0,0,0,NA,"WP"
"1024",2019-07-22,15,0,0,0,0,0,1,0,0,0,0,0,0,0,NA,"WP"
"1025",2019-07-22,16,0,0,0,0,0,1,0,0,0,0,0,0,0,NA,"WP"
"1026",2019-07-22,17,0,0,0,0,0,1,0,0,0,0,0,0,0,NA,"WP"
"1027",2019-07-22,18,0,0,0,0,1,1,0,0,0,0,0,0,0,NA,"WP"
"1028",2019-07-22,19,0,0,0,0,0,1,0,0,0,0,0,0,0,NA,"WP"
"1029",2019-07-22,20,0,0,0,0,0,1,0,0,0,0,0,1,0,"possible whale; ","WP"
"1030",2019-07-22,21,0,0,0,0,0,1,0,0,0,0,0,0,0,NA,"WP"
"1031",2019-07-22,22,0,0,0,0,0,1,0,0,0,0,0,0,0,NA,"WP"
"1032",2019-07-22,23,0,0,0,0,0,1,0,0,0,0,0,0,0,NA,"WP"
"1033",2019-07-23,0,0,0,0,0,0,2,0,0,0,0,0,0,0,NA,"WP"
"1034",2019-07-23,1,0,0,0,0,0,1,0,0,0,0,0,0,0,NA,"WP"
"1035",2019-07-23,2,0,0,0,0,0,1,0,0,0,0,0,0,0,NA,"WP"
"1036",2019-07-23,3,0,0,0,0,0,1,0,0,0,0,0,0,0,NA,"WP"
"1037",2019-07-23,4,0,0,0,0,0,1,0,0,0,0,0,0,0,NA,"WP"
"1038",2019-07-23,5,0,0,0,0,0,1,0,0,0,0,0,0,0,NA,"WP"
"1039",2019-07-23,6,0,0,0,0,0,1,0,0,0,0,0,0,0,NA,"WP"
"1040",2019-07-23,7,0,0,0,0,0,1,0,0,0,0,0,0,0,NA,"WP"
"1041",2019-07-23,8,0,0,0,0,0,1,0,0,0,0,0,0,0,NA,"WP"
"1042",2019-07-23,9,0,0,0,0,0,1,0,0,0,0,0,0,0,NA,"WP"
"1043",2019-07-23,10,0,0,0,0,0,1,0,0,0,0,0,0,0,NA,"WP"
"1044",2019-07-23,11,0,0,0,0,0,1,0,0,0,0,0,0,0,NA,"WP"
"1045",2019-07-23,12,0,0,0,0,0,1,0,0,0,0,0,0,0,NA,"WP"
"1046",2019-07-23,13,0,0,0,0,0,1,0,0,0,0,0,0,0,NA,"WP"
"1047",2019-07-23,14,0,0,0,0,0,1,0,0,0,0,0,0,0,NA,"WP"
"1048",2019-07-23,15,0,0,0,0,0,1,0,0,0,0,0,0,0,NA,"WP"
"1049",2019-07-23,16,0,0,0,0,0,1,0,0,0,0,0,0,0,NA,"WP"
"1050",2019-07-23,17,0,0,0,0,0,1,0,0,0,0,0,0,0,NA,"WP"
"1051",2019-07-23,18,0,0,0,0,0,1,0,0,0,0,0,0,0,NA,"WP"
"1052",2019-07-23,19,0,0,0,0,0,1,0,0,0,0,0,0,1,NA,"WP"
"1053",2019-07-23,20,0,0,0,0,0,1,0,0,0,0,0,0,0,NA,"WP"
"1054",2019-07-23,21,0,0,0,0,0,1,0,0,0,0,0,0,0,NA,"WP"
"1055",2019-07-23,22,0,0,0,0,0,1,0,0,0,0,0,0,0,NA,"WP"
"1056",2019-07-23,23,0,0,0,0,0,1,0,0,0,0,0,0,0,NA,"WP"
"1057",2019-07-24,0,0,0,0,0,0,2,0,0,0,0,0,0,0,NA,"WP"
"1058",2019-07-24,1,0,0,0,0,0,1,0,0,0,0,0,0,0,NA,"WP"
"1059",2019-07-24,2,0,0,0,0,0,1,0,0,0,0,0,0,0,NA,"WP"
"1060",2019-07-24,3,0,0,0,0,0,1,0,0,0,0,0,0,0,NA,"WP"
"1061",2019-07-24,4,0,0,0,0,0,1,0,0,0,0,0,0,0,NA,"WP"
"1062",2019-07-24,5,0,0,0,0,0,1,0,0,0,0,0,0,0,NA,"WP"
"1063",2019-07-24,6,0,0,0,0,0,1,0,0,0,0,0,0,0,NA,"WP"
"1064",2019-07-24,7,0,0,0,0,0,1,0,0,0,0,0,0,0,NA,"WP"
"1065",2019-07-24,8,0,0,0,0,0,1,0,0,0,0,0,0,0,NA,"WP"
"1066",2019-07-24,9,0,0,0,0,0,1,0,0,0,0,0,0,0,NA,"WP"
"1067",2019-07-24,10,0,0,0,0,0,1,0,0,0,0,0,0,0,NA,"WP"
"1068",2019-07-24,11,0,0,0,0,0,1,0,0,0,0,0,0,0,NA,"WP"
"1069",2019-07-24,12,0,0,0,0,0,1,0,0,0,0,0,0,0,NA,"WP"
"1070",2019-07-24,13,0,0,0,0,0,1,0,0,0,0,0,0,0,NA,"WP"
"1071",2019-07-24,14,0,0,0,0,0,1,0,0,0,0,0,1,0,"; possible whale'","WP"
"1072",2019-07-24,15,0,0,0,0,0,1,0,0,0,0,0,0,0,NA,"WP"
"1073",2019-07-24,16,0,0,0,0,0,1,0,0,0,0,0,0,0,NA,"WP"
"1074",2019-07-24,17,0,0,0,0,0,1,0,0,0,0,0,0,0,NA,"WP"
"1075",2019-07-24,18,0,0,0,0,0,1,0,0,0,0,0,0,0,NA,"WP"
"1076",2019-07-24,19,0,0,0,0,0,1,0,0,0,0,0,0,0,NA,"WP"
"1077",2019-07-24,20,0,0,0,0,0,1,0,0,0,0,0,0,0,NA,"WP"
"1078",2019-07-24,21,0,0,0,0,0,1,0,0,0,0,0,0,1,NA,"WP"
"1079",2019-07-24,22,0,0,0,0,0,1,0,0,0,0,0,0,0,NA,"WP"
"1080",2019-07-24,23,0,0,0,0,0,1,0,0,0,0,0,0,1,NA,"WP"
"1081",2019-07-25,0,0,0,0,0,0,2,0,0,0,0,0,0,1,NA,"WP"
"1082",2019-07-25,1,0,0,0,0,0,1,0,0,0,0,0,0,0,NA,"WP"
"1083",2019-07-25,2,0,0,0,0,0,1,0,0,0,0,0,0,0,NA,"WP"
"1084",2019-07-25,3,0,0,0,0,0,1,0,0,0,0,0,0,1,NA,"WP"
"1085",2019-07-25,4,0,0,0,0,0,1,0,0,0,0,0,0,0,NA,"WP"
"1086",2019-07-25,5,0,0,0,0,0,1,0,0,0,0,0,0,0,NA,"WP"
"1087",2019-07-25,6,0,0,0,0,0,1,0,0,0,0,0,0,0,NA,"WP"
"1088",2019-07-25,7,0,0,0,0,0,1,0,0,0,0,0,0,0,NA,"WP"
"1089",2019-07-25,8,0,0,0,0,0,1,0,0,0,0,0,0,0,NA,"WP"
"1090",2019-07-25,9,0,0,0,0,0,1,0,0,0,0,0,0,0,NA,"WP"
"1091",2019-07-25,10,0,0,0,0,0,1,0,0,0,0,0,0,0,NA,"WP"
"1092",2019-07-25,11,0,0,0,0,0,1,0,0,0,0,0,0,0,NA,"WP"
"1093",2019-07-25,12,0,0,0,0,0,1,0,0,0,0,0,1,1,"; squeaky calls, dolphin or Mn","WP"
"1094",2019-07-25,13,0,0,0,0,0,1,0,0,0,0,0,1,1,"squeaky calls, Mn or dolphin; ","WP"
"1095",2019-07-25,14,0,0,0,0,0,1,0,0,0,0,0,0,0,NA,"WP"
"1096",2019-07-25,15,0,0,0,0,0,1,0,0,0,0,0,0,0,NA,"WP"
"1097",2019-07-25,16,0,0,0,0,0,1,0,0,0,0,0,0,0,NA,"WP"
"1098",2019-07-25,17,0,0,0,0,0,1,0,0,0,0,0,0,0,NA,"WP"
"1099",2019-07-25,18,0,0,0,0,0,1,0,0,0,0,0,0,0,NA,"WP"
"1100",2019-07-25,19,0,0,0,0,0,1,0,0,0,0,0,1,1,"; squeaky calls, Mn or dolphin","WP"
"1101",2019-07-25,20,0,0,0,0,0,1,0,0,0,0,0,0,1,NA,"WP"
"1102",2019-07-25,21,0,0,0,0,0,1,0,0,0,0,0,1,0,"; squeaky calls, Mn or dolphin","WP"
"1103",2019-07-25,22,0,0,0,0,0,1,0,0,0,0,0,1,0,"; squeaky calls, Mn or dolphin","WP"
"1104",2019-07-25,23,0,0,0,0,0,1,0,0,0,0,0,0,0,NA,"WP"
"1105",2019-07-26,0,0,0,0,0,0,2,0,0,0,0,0,0,0,NA,"WP"
"1106",2019-07-26,1,0,0,0,0,0,1,0,0,0,0,0,0,1,NA,"WP"
"1107",2019-07-26,2,0,0,0,0,0,1,0,0,0,0,0,0,0,NA,"WP"
"1108",2019-07-26,3,0,0,0,0,0,1,0,0,0,0,0,0,0,NA,"WP"
"1109",2019-07-26,4,0,0,0,0,0,1,0,0,0,0,0,0,0,NA,"WP"
"1110",2019-07-26,5,0,0,0,0,0,1,0,0,0,0,0,0,0,NA,"WP"
"1111",2019-07-26,6,0,0,0,0,0,1,0,0,0,0,0,0,0,NA,"WP"
"1112",2019-07-26,7,0,0,0,0,0,1,0,0,0,0,0,0,0,NA,"WP"
"1113",2019-07-26,8,0,0,0,0,0,1,0,0,0,0,0,0,0,NA,"WP"
"1114",2019-07-26,9,0,0,0,0,0,1,0,0,0,0,0,0,0,NA,"WP"
"1115",2019-07-26,10,0,0,0,0,0,1,0,0,0,0,0,0,0,NA,"WP"
"1116",2019-07-26,11,0,0,0,0,0,1,0,0,0,0,0,0,0,NA,"WP"
"1117",2019-07-26,12,0,0,0,0,0,1,0,0,0,0,0,0,0,NA,"WP"
"1118",2019-07-26,13,0,0,0,0,0,1,0,0,0,0,0,0,0,NA,"WP"
"1119",2019-07-26,14,0,0,0,0,0,1,0,0,0,0,0,0,0,NA,"WP"
"1120",2019-07-26,15,0,0,0,0,0,1,0,0,0,0,0,0,0,NA,"WP"
"1121",2019-07-26,16,0,0,0,0,0,1,0,0,0,0,0,0,0,NA,"WP"
"1122",2019-07-26,17,0,0,0,0,0,1,0,0,0,0,0,0,1,NA,"WP"
"1123",2019-07-26,18,0,0,0,0,0,1,0,0,0,0,0,0,0,NA,"WP"
"1124",2019-07-26,19,0,0,0,0,0,1,0,0,0,0,0,0,0,NA,"WP"
"1125",2019-07-26,20,0,0,0,0,0,1,0,0,0,0,0,0,0,NA,"WP"
"1126",2019-07-26,21,0,0,0,0,0,0,0,0,0,0,0,1,0,"possible whale","WP"
"1127",2019-07-26,22,0,0,0,0,0,1,0,0,0,0,0,0,0,NA,"WP"
"1128",2019-07-26,23,0,0,0,0,0,1,0,0,0,0,0,0,0,NA,"WP"
"1129",2019-07-27,0,0,0,0,0,0,2,0,0,0,0,0,0,0,NA,"WP"
"1130",2019-07-27,1,0,0,0,0,0,1,0,0,0,0,0,0,0,NA,"WP"
"1131",2019-07-27,2,0,0,0,0,0,1,0,0,0,0,0,0,0,NA,"WP"
"1132",2019-07-27,3,0,0,0,0,0,1,0,0,0,0,0,0,0,NA,"WP"
"1133",2019-07-27,4,0,0,0,0,0,1,0,0,0,0,0,0,0,NA,"WP"
"1134",2019-07-27,5,0,0,0,0,0,1,0,0,0,0,0,0,0,NA,"WP"
"1135",2019-07-27,6,0,0,0,0,0,1,0,0,0,0,0,0,0,NA,"WP"
"1136",2019-07-27,7,0,0,0,0,0,1,0,0,0,0,0,0,0,NA,"WP"
"1137",2019-07-27,8,0,0,0,0,0,1,0,0,0,0,0,0,0,NA,"WP"
"1138",2019-07-27,9,0,0,0,0,0,1,0,0,0,0,0,0,0,NA,"WP"
"1139",2019-07-27,10,0,0,0,0,0,1,0,0,0,0,0,0,0,"also vessel","WP"
"1140",2019-07-27,11,0,0,0,0,0,1,0,0,0,0,0,0,0,NA,"WP"
"1141",2019-07-27,12,0,0,0,0,0,1,0,0,0,0,0,0,0,NA,"WP"
"1142",2019-07-27,13,0,0,0,0,0,1,0,0,0,0,0,0,0,NA,"WP"
"1143",2019-07-27,14,0,0,0,0,0,1,0,0,0,0,0,0,0,NA,"WP"
"1144",2019-07-27,15,0,0,0,0,0,1,0,0,0,0,0,0,0,NA,"WP"
"1145",2019-07-27,16,0,0,0,0,0,1,0,0,0,0,0,0,0,NA,"WP"
"1146",2019-07-27,17,0,0,0,0,0,1,0,0,0,0,0,0,0,NA,"WP"
"1147",2019-07-27,18,0,0,0,0,0,1,0,0,0,0,0,0,0,NA,"WP"
"1148",2019-07-27,19,0,0,0,0,0,1,0,0,0,0,0,0,0,NA,"WP"
"1149",2019-07-27,20,0,0,0,0,0,1,0,0,0,0,0,0,0,NA,"WP"
"1150",2019-07-27,21,0,0,0,0,0,1,0,0,0,0,0,0,0,NA,"WP"
"1151",2019-07-27,22,0,0,0,0,0,2,0,0,0,0,0,0,0,"; rain","WP"
"1152",2019-07-27,23,0,0,0,0,0,1,0,0,0,0,0,0,0,NA,"WP"
"1153",2019-07-28,0,0,0,0,0,0,2,0,0,0,0,0,0,0,NA,"WP"
"1154",2019-07-28,1,0,0,0,0,0,1,0,0,0,0,0,0,0,NA,"WP"
"1155",2019-07-28,2,0,0,0,0,0,1,0,0,0,0,0,0,0,NA,"WP"
"1156",2019-07-28,3,0,0,0,0,0,1,0,0,0,0,0,0,1,NA,"WP"
"1157",2019-07-28,4,0,0,0,0,0,1,0,0,0,0,0,0,0,NA,"WP"
"1158",2019-07-28,5,0,0,0,0,0,1,0,0,0,0,0,0,0,NA,"WP"
"1159",2019-07-28,6,0,0,0,0,0,1,0,0,0,0,0,0,0,NA,"WP"
"1160",2019-07-28,7,0,0,0,0,0,1,0,0,0,0,0,0,0,NA,"WP"
"1161",2019-07-28,8,0,0,0,0,1,1,0,0,0,0,0,0,0,NA,"WP"
"1162",2019-07-28,9,0,0,0,0,0,1,0,0,0,0,0,0,0,NA,"WP"
"1163",2019-07-28,10,0,0,0,0,0,1,0,0,0,0,0,0,0,NA,"WP"
"1164",2019-07-28,11,0,0,0,0,0,1,0,0,0,0,0,0,0,NA,"WP"
"1165",2019-07-28,12,0,0,0,0,0,1,0,0,0,0,0,0,0,NA,"WP"
"1166",2019-07-28,13,0,0,0,0,0,1,0,0,0,0,0,0,0,NA,"WP"
"1167",2019-07-28,14,0,0,0,0,0,1,0,0,0,0,0,0,0,NA,"WP"
"1168",2019-07-28,15,0,0,0,0,0,1,0,0,0,0,0,0,0,NA,"WP"
"1169",2019-07-28,16,0,0,0,0,0,1,0,0,0,0,0,0,0,NA,"WP"
"1170",2019-07-28,17,0,0,0,0,0,1,0,1,0,0,0,0,0,NA,"WP"
"1171",2019-07-28,18,0,0,0,0,0,1,0,1,0,0,0,0,1,NA,"WP"
"1172",2019-07-28,19,0,0,0,0,0,1,0,1,0,0,0,0,1,NA,"WP"
"1173",2019-07-28,20,0,0,0,0,0,1,0,1,0,0,0,1,1,"; ; Mn or dolphin squeaky calls","WP"
"1174",2019-07-28,21,0,0,0,0,0,1,0,0,0,0,0,0,0,NA,"WP"
"1175",2019-07-28,22,0,0,0,0,0,1,0,0,0,0,0,0,0,NA,"WP"
"1176",2019-07-28,23,0,0,0,0,0,1,0,0,0,0,0,0,0,NA,"WP"
"1177",2019-07-29,0,0,0,0,0,0,2,0,0,0,0,0,0,0,NA,"WP"
"1178",2019-07-29,1,0,0,0,0,0,1,0,0,0,0,0,0,0,NA,"WP"
"1179",2019-07-29,2,0,0,0,0,0,1,0,0,0,0,0,0,0,NA,"WP"
"1180",2019-07-29,3,0,0,0,0,0,1,0,0,0,0,0,0,1,NA,"WP"
"1181",2019-07-29,4,0,0,0,0,0,1,0,0,0,0,0,0,1,NA,"WP"
"1182",2019-07-29,5,0,0,0,0,1,1,0,0,0,0,0,0,1,NA,"WP"
"1183",2019-07-29,6,0,0,0,0,0,1,0,1,0,0,0,0,0,NA,"WP"
"1184",2019-07-29,7,0,0,0,0,1,1,0,0,0,0,0,0,0,NA,"WP"
"1185",2019-07-29,8,0,0,0,0,0,1,0,0,0,0,0,0,0,NA,"WP"
"1186",2019-07-29,9,0,0,0,0,0,1,0,0,0,0,0,0,0,NA,"WP"
"1187",2019-07-29,10,0,0,0,0,0,1,0,0,0,0,0,0,0,NA,"WP"
"1188",2019-07-29,11,0,0,0,0,0,1,0,0,0,0,0,0,0,NA,"WP"
"1189",2019-07-29,12,0,0,0,0,0,1,0,0,0,0,0,0,0,NA,"WP"
"1190",2019-07-29,13,0,0,0,0,0,1,0,0,0,0,0,0,0,NA,"WP"
"1191",2019-07-29,14,0,0,0,0,0,1,0,0,0,0,0,0,0,NA,"WP"
"1192",2019-07-29,15,0,0,0,0,0,1,0,0,0,0,0,0,0,NA,"WP"
"1193",2019-07-29,16,0,0,0,0,0,1,0,0,0,0,0,1,1,"; Mn or dolphin, squeaky calls","WP"
"1194",2019-07-29,17,0,0,0,0,0,1,0,0,0,0,0,1,1,"Mn or dolphin, squeaky calls; ","WP"
"1195",2019-07-29,18,0,0,0,0,0,1,0,0,0,0,0,1,1,"; Mn or dolphin, squeaky calls","WP"
"1196",2019-07-29,19,0,0,0,0,0,1,0,0,0,0,0,1,1,"; possible whale","WP"
"1197",2019-07-29,20,0,0,0,0,0,1,0,0,0,0,0,1,1,"; Mn or dolphin, squeaky calls","WP"
"1198",2019-07-29,21,0,0,0,0,0,1,0,0,0,0,0,1,1,"; Mn or dolphin, squeaky calls","WP"
"1199",2019-07-29,22,0,0,0,0,0,1,0,0,0,0,0,0,0,NA,"WP"
"1200",2019-07-29,23,0,0,0,0,0,1,0,0,0,0,0,0,0,NA,"WP"
"1201",2019-07-30,0,0,0,0,0,0,2,0,0,0,0,0,0,0,NA,"WP"
"1202",2019-07-30,1,0,0,0,0,0,1,0,0,0,0,0,0,0,NA,"WP"
"1203",2019-07-30,2,0,0,0,0,0,1,0,0,0,0,0,0,0,NA,"WP"
"1204",2019-07-30,3,0,0,0,0,0,1,0,0,0,0,0,0,0,NA,"WP"
"1205",2019-07-30,4,0,0,0,0,0,1,0,0,0,0,0,1,0,"; possible whale, probably Mn","WP"
"1206",2019-07-30,5,0,0,0,0,0,1,0,0,0,0,0,0,0,NA,"WP"
"1207",2019-07-30,6,0,0,0,0,0,1,0,0,0,0,0,0,0,NA,"WP"
"1208",2019-07-30,7,0,0,0,0,0,1,0,0,0,0,0,0,0,NA,"WP"
"1209",2019-07-30,8,0,0,0,0,0,1,0,0,0,0,0,0,0,NA,"WP"
"1210",2019-07-30,9,0,0,0,0,0,1,0,0,0,0,0,0,0,NA,"WP"
"1211",2019-07-30,10,0,0,0,0,0,1,0,0,0,0,0,0,0,NA,"WP"
"1212",2019-07-30,11,0,0,0,0,0,1,0,0,0,0,0,0,0,NA,"WP"
"1213",2019-07-30,12,0,0,0,0,0,1,0,0,0,0,0,0,0,NA,"WP"
"1214",2019-07-30,13,0,0,0,0,1,1,0,0,0,0,0,0,0,NA,"WP"
"1215",2019-07-30,14,0,0,0,0,0,1,0,0,0,0,0,0,0,NA,"WP"
"1216",2019-07-30,15,0,0,0,0,0,1,0,0,0,0,0,0,0,NA,"WP"
"1217",2019-07-30,16,0,0,0,0,0,1,0,0,0,0,0,0,0,NA,"WP"
"1218",2019-07-30,17,0,0,0,0,0,1,0,0,0,0,0,0,0,NA,"WP"
"1219",2019-07-30,18,0,0,0,0,0,1,0,0,0,0,0,0,0,NA,"WP"
"1220",2019-07-30,19,0,0,0,0,0,1,0,0,0,0,0,0,0,NA,"WP"
"1221",2019-07-30,20,0,0,0,0,0,1,0,0,0,0,0,0,0,NA,"WP"
"1222",2019-07-30,21,0,0,0,0,0,1,0,0,0,0,0,0,0,NA,"WP"
"1223",2019-07-30,22,0,0,0,0,0,1,0,0,0,0,0,0,0,NA,"WP"
"1224",2019-07-30,23,0,0,0,0,0,1,0,0,0,0,0,0,1,NA,"WP"
"1225",2019-07-31,0,0,0,0,0,0,2,0,0,0,0,0,0,0,NA,"WP"
"1226",2019-07-31,1,0,0,0,0,0,1,0,0,0,0,0,0,0,NA,"WP"
"1227",2019-07-31,2,0,0,0,0,0,1,0,0,0,0,0,0,0,NA,"WP"
"1228",2019-07-31,3,0,0,0,0,0,1,0,0,0,0,0,1,0,"; Mn or dolphin, squeaky calls","WP"
"1229",2019-07-31,4,0,0,0,0,0,1,0,0,0,0,0,1,0,"; possible whale or fish","WP"
"1230",2019-07-31,5,0,0,0,0,0,1,0,0,0,0,0,0,1,NA,"WP"
"1231",2019-07-31,6,0,0,0,0,0,1,0,0,0,0,0,0,0,NA,"WP"
"1232",2019-07-31,7,0,0,0,0,0,1,0,0,0,0,0,0,0,NA,"WP"
"1233",2019-07-31,8,0,0,0,0,1,1,0,0,0,0,0,0,0,NA,"WP"
"1234",2019-07-31,9,0,0,0,0,0,1,0,0,0,0,0,1,0,"; possible whale, possible Mn","WP"
"1235",2019-07-31,10,0,0,0,0,0,1,0,0,0,0,0,0,0,NA,"WP"
"1236",2019-07-31,11,0,0,0,0,0,1,0,0,0,0,0,0,0,NA,"WP"
"1237",2019-07-31,12,0,0,0,0,0,1,0,0,0,0,0,0,0,NA,"WP"
"1238",2019-07-31,13,0,0,0,0,1,1,0,0,0,0,0,0,0,NA,"WP"
"1239",2019-07-31,14,0,0,0,0,0,1,0,0,0,0,0,0,0,NA,"WP"
"1240",2019-07-31,15,0,0,0,0,0,1,0,0,0,0,0,0,0,NA,"WP"
"1241",2019-07-31,16,0,0,0,0,0,1,0,1,0,0,0,1,1,"; ; Mn or dolphin, squeaky calls","WP"
"1242",2019-07-31,17,0,0,0,0,0,1,0,1,0,0,0,0,1,NA,"WP"
"1243",2019-07-31,18,0,0,0,0,0,1,0,0,0,0,0,0,1,NA,"WP"
"1244",2019-07-31,19,0,0,0,0,0,1,0,1,0,0,0,0,1,NA,"WP"
"1245",2019-07-31,20,0,0,0,0,0,1,0,0,0,0,0,0,1,NA,"WP"
"1246",2019-07-31,21,0,0,0,0,0,1,0,0,0,0,0,0,1,NA,"WP"
"1247",2019-07-31,22,0,0,0,0,0,1,0,0,0,0,0,0,0,NA,"WP"
"1248",2019-07-31,23,0,0,0,0,0,1,0,0,0,0,0,0,0,NA,"WP"
"1249",2019-08-01,0,0,0,0,0,0,2,0,0,0,0,0,0,0,NA,"WP"
"1250",2019-08-01,1,0,0,0,0,0,1,0,0,0,0,0,0,0,NA,"WP"
"1251",2019-08-01,2,0,0,0,0,0,1,0,0,0,0,0,0,0,NA,"WP"
"1252",2019-08-01,3,0,0,0,0,0,1,0,0,0,0,0,0,0,NA,"WP"
"1253",2019-08-01,4,0,0,0,0,0,1,0,0,0,0,0,0,0,NA,"WP"
"1254",2019-08-01,5,0,0,0,0,0,1,0,0,0,0,0,0,0,NA,"WP"
"1255",2019-08-01,6,0,0,0,0,0,1,0,0,0,0,0,0,0,NA,"WP"
"1256",2019-08-01,7,0,0,0,0,0,1,0,0,0,0,0,0,0,NA,"WP"
"1257",2019-08-01,8,0,0,0,0,0,1,0,0,0,0,0,0,0,NA,"WP"
"1258",2019-08-01,9,0,0,0,0,0,1,0,0,0,0,0,0,0,NA,"WP"
"1259",2019-08-01,10,0,0,0,0,1,1,0,0,0,0,0,0,0,NA,"WP"
"1260",2019-08-01,11,0,0,0,0,0,1,0,0,0,0,0,0,0,NA,"WP"
"1261",2019-08-01,12,0,0,0,0,0,1,0,0,0,0,0,0,0,NA,"WP"
"1262",2019-08-01,13,0,0,0,0,0,1,0,0,0,0,0,0,0,NA,"WP"
"1263",2019-08-01,14,0,0,0,0,0,1,0,0,0,0,0,0,0,NA,"WP"
"1264",2019-08-01,15,0,0,0,0,0,1,0,0,0,0,0,0,0,NA,"WP"
"1265",2019-08-01,16,0,0,0,0,0,1,0,0,0,0,0,0,0,NA,"WP"
"1266",2019-08-01,17,0,0,0,0,0,1,0,0,0,0,0,0,0,NA,"WP"
"1267",2019-08-01,18,0,0,0,0,0,1,0,0,0,0,0,0,0,NA,"WP"
"1268",2019-08-01,19,0,0,0,0,0,1,0,0,0,0,0,0,1,NA,"WP"
"1269",2019-08-01,20,0,0,0,0,0,1,0,0,0,0,0,0,1,NA,"WP"
"1270",2019-08-01,21,0,0,0,0,0,1,0,0,0,0,0,1,1,"; Mn or dolphin, squeaky calls","WP"
"1271",2019-08-01,22,0,0,0,0,0,1,0,0,0,0,0,0,0,NA,"WP"
"1272",2019-08-01,23,0,0,0,0,0,1,0,0,0,0,0,0,0,NA,"WP"
"1273",2019-08-02,0,0,0,0,0,0,2,0,0,0,0,0,1,1,"; Mn or dolphin, squeaky calls; ","WP"
"1274",2019-08-02,1,0,0,0,0,0,1,0,0,0,0,0,1,0,"; Mn or dolphin, squeaky calls","WP"
"1275",2019-08-02,2,0,0,0,0,0,1,0,0,0,0,0,0,0,NA,"WP"
"1276",2019-08-02,3,0,0,0,0,0,1,0,0,0,0,0,0,1,NA,"WP"
"1277",2019-08-02,4,0,0,0,0,0,1,0,0,0,0,0,0,1,NA,"WP"
"1278",2019-08-02,5,0,0,0,0,0,1,0,0,0,0,0,0,0,NA,"WP"
"1279",2019-08-02,6,0,0,0,0,0,1,0,0,0,0,0,0,0,NA,"WP"
"1280",2019-08-02,7,0,0,0,0,0,1,0,0,0,0,0,0,0,NA,"WP"
"1281",2019-08-02,8,0,0,0,0,0,1,0,0,0,0,0,0,0,NA,"WP"
"1282",2019-08-02,9,0,0,0,0,0,1,0,0,0,0,0,0,0,NA,"WP"
"1283",2019-08-02,10,0,0,0,0,0,1,0,0,0,0,0,0,1,NA,"WP"
"1284",2019-08-02,11,0,0,0,0,0,1,0,0,0,0,0,0,0,NA,"WP"
"1285",2019-08-02,12,0,0,0,0,0,1,0,0,0,0,0,0,0,NA,"WP"
"1286",2019-08-02,13,0,0,0,0,0,1,0,0,0,0,0,0,1,NA,"WP"
"1287",2019-08-02,14,0,0,0,0,0,1,0,0,0,0,0,0,1,NA,"WP"
"1288",2019-08-02,15,0,0,0,0,0,1,0,0,0,0,0,0,0,NA,"WP"
"1289",2019-08-02,16,0,0,0,0,0,1,0,0,0,0,0,0,0,NA,"WP"
"1290",2019-08-02,17,0,0,0,0,0,1,0,0,0,0,0,0,0,NA,"WP"
"1291",2019-08-02,18,0,0,0,0,0,1,0,0,0,0,0,0,1,NA,"WP"
"1292",2019-08-02,19,0,0,0,0,1,1,0,0,0,0,0,0,1,NA,"WP"
"1293",2019-08-02,20,0,0,0,0,0,1,0,0,0,0,0,0,1,NA,"WP"
"1294",2019-08-02,21,0,0,0,0,0,1,0,0,0,0,0,0,0,NA,"WP"
"1295",2019-08-02,22,0,0,0,0,0,1,0,0,0,0,0,0,0,NA,"WP"
"1296",2019-08-02,23,0,0,0,0,0,1,0,0,0,0,0,0,0,NA,"WP"
"1297",2019-08-03,0,0,0,0,0,0,2,0,0,0,0,0,0,0,NA,"WP"
"1298",2019-08-03,1,0,0,0,0,0,1,0,0,0,0,0,0,0,NA,"WP"
"1299",2019-08-03,2,0,0,0,0,1,1,0,0,0,0,0,0,0,NA,"WP"
"1300",2019-08-03,3,0,0,0,0,0,1,0,0,0,0,0,0,0,NA,"WP"
"1301",2019-08-03,4,0,0,0,0,0,1,0,0,0,0,0,0,0,NA,"WP"
"1302",2019-08-03,5,0,0,0,0,0,1,0,0,0,0,0,0,0,NA,"WP"
"1303",2019-08-03,6,0,0,0,0,0,1,0,1,0,0,0,0,0,NA,"WP"
"1304",2019-08-03,7,0,0,0,0,0,1,0,0,0,0,0,0,0,NA,"WP"
"1305",2019-08-03,8,0,0,0,0,0,1,0,0,0,0,0,0,0,NA,"WP"
"1306",2019-08-03,9,0,0,0,0,0,1,0,0,0,0,0,0,0,NA,"WP"
"1307",2019-08-03,10,0,0,0,0,0,1,0,0,0,0,0,0,0,NA,"WP"
"1308",2019-08-03,11,0,0,0,0,0,1,0,0,0,0,0,0,0,NA,"WP"
"1309",2019-08-03,12,0,0,0,0,0,1,0,0,0,0,0,0,0,NA,"WP"
"1310",2019-08-03,13,0,0,0,0,0,1,0,0,0,0,0,0,0,NA,"WP"
"1311",2019-08-03,14,0,0,0,0,0,1,0,0,0,0,0,0,0,NA,"WP"
"1312",2019-08-03,15,0,0,0,0,1,1,0,0,0,0,0,0,0,NA,"WP"
"1313",2019-08-03,16,0,0,0,0,0,1,0,0,0,0,0,0,0,NA,"WP"
"1314",2019-08-03,17,0,0,0,0,0,1,0,0,0,0,0,0,0,NA,"WP"
"1315",2019-08-03,18,0,0,0,0,0,1,0,0,0,0,0,0,1,NA,"WP"
"1316",2019-08-03,19,0,0,0,0,0,1,0,0,0,0,0,0,0,NA,"WP"
"1317",2019-08-03,20,0,0,0,0,1,1,0,0,0,0,0,0,0,NA,"WP"
"1318",2019-08-03,21,0,0,0,0,0,1,0,0,0,0,0,0,0,NA,"WP"
"1319",2019-08-03,22,0,0,0,0,0,1,0,0,0,0,0,0,0,"funny warbly unit","WP"
"1320",2019-08-03,23,0,0,0,0,0,1,0,0,0,0,0,0,0,NA,"WP"
"1321",2019-08-04,0,0,0,0,0,0,2,0,0,0,0,0,0,0,NA,"WP"
"1322",2019-08-04,1,0,0,0,0,0,1,0,0,0,0,0,0,0,NA,"WP"
"1323",2019-08-04,2,0,0,0,0,0,1,0,0,0,0,0,0,0,NA,"WP"
"1324",2019-08-04,3,0,0,0,0,0,1,0,0,0,0,0,0,0,NA,"WP"
"1325",2019-08-04,4,0,0,0,0,1,1,0,0,0,0,0,0,0,NA,"WP"
"1326",2019-08-04,5,0,0,0,0,0,1,0,0,0,0,0,0,0,NA,"WP"
"1327",2019-08-04,6,0,0,0,0,0,1,0,0,0,0,0,0,0,NA,"WP"
"1328",2019-08-04,7,0,0,0,0,1,1,0,0,0,0,0,0,0,NA,"WP"
"1329",2019-08-04,8,0,0,0,0,0,1,0,0,0,0,0,1,0,"possible whale; ","WP"
"1330",2019-08-04,9,0,0,0,0,0,1,0,0,0,0,0,0,0,NA,"WP"
"1331",2019-08-04,10,0,0,0,0,0,1,0,0,0,0,0,0,0,NA,"WP"
"1332",2019-08-04,11,0,0,0,0,0,1,0,0,0,0,0,0,0,NA,"WP"
"1333",2019-08-04,12,0,0,0,0,1,1,0,0,0,0,0,0,0,NA,"WP"
"1334",2019-08-04,13,0,0,0,0,0,1,0,0,0,0,0,0,0,NA,"WP"
"1335",2019-08-04,14,0,0,0,0,0,1,0,0,0,0,0,0,0,NA,"WP"
"1336",2019-08-04,15,0,0,0,0,0,1,0,0,0,0,0,0,0,NA,"WP"
"1337",2019-08-04,16,0,0,0,0,0,1,0,0,0,0,0,0,0,NA,"WP"
"1338",2019-08-04,17,0,0,0,0,0,1,0,0,0,0,0,0,0,NA,"WP"
"1339",2019-08-04,18,0,0,0,0,0,1,0,0,0,0,0,0,1,NA,"WP"
"1340",2019-08-04,19,0,0,0,0,0,1,0,0,0,0,0,0,0,NA,"WP"
"1341",2019-08-04,20,0,0,0,0,0,1,0,0,0,0,0,0,0,NA,"WP"
"1342",2019-08-04,21,0,0,0,0,0,1,0,0,0,0,0,0,0,NA,"WP"
"1343",2019-08-04,22,0,0,0,0,0,1,0,0,0,0,0,0,0,NA,"WP"
"1344",2019-08-04,23,0,0,0,0,0,1,0,0,0,0,0,0,0,NA,"WP"
"1345",2019-08-05,0,0,0,0,0,0,2,0,0,0,0,0,0,0,NA,"WP"
"1346",2019-08-05,1,0,0,0,0,0,1,0,0,0,0,0,0,0,NA,"WP"
"1347",2019-08-05,2,0,0,0,0,0,1,0,0,0,0,0,0,0,NA,"WP"
"1348",2019-08-05,3,0,0,0,0,0,1,0,0,0,0,0,0,0,NA,"WP"
"1349",2019-08-05,4,0,0,0,0,0,1,0,0,0,0,0,0,0,NA,"WP"
"1350",2019-08-05,5,0,0,0,0,0,1,0,0,0,0,0,0,0,NA,"WP"
"1351",2019-08-05,6,0,0,0,0,0,1,0,0,0,0,0,0,0,NA,"WP"
"1352",2019-08-05,7,0,0,0,0,0,1,0,0,0,0,0,0,0,NA,"WP"
"1353",2019-08-05,8,0,0,0,0,0,1,0,0,0,0,0,0,0,NA,"WP"
"1354",2019-08-05,9,0,0,0,0,0,1,0,0,0,0,0,0,0,NA,"WP"
"1355",2019-08-05,10,0,0,0,0,0,1,0,0,0,0,0,0,0,NA,"WP"
"1356",2019-08-05,11,0,0,0,0,0,1,0,0,0,0,0,0,0,NA,"WP"
"1357",2019-08-05,12,0,0,0,0,0,1,0,0,0,0,0,0,0,NA,"WP"
"1358",2019-08-05,13,0,0,0,0,0,1,0,0,0,0,0,0,0,NA,"WP"
"1359",2019-08-05,14,0,0,0,0,0,1,0,0,0,0,0,0,0,NA,"WP"
"1360",2019-08-05,15,0,0,0,0,1,1,0,0,0,0,0,0,0,NA,"WP"
"1361",2019-08-05,16,0,0,0,0,0,1,0,0,0,0,0,1,0,"; probably fish, fast pulses","WP"
"1362",2019-08-05,17,0,0,0,0,0,1,0,0,0,0,0,0,0,NA,"WP"
"1363",2019-08-05,18,0,0,0,0,0,1,0,0,0,0,0,0,0,NA,"WP"
"1364",2019-08-05,19,0,0,0,0,0,1,0,0,0,0,0,0,1,NA,"WP"
"1365",2019-08-05,20,0,0,0,0,0,1,0,0,0,0,0,0,0,NA,"WP"
"1366",2019-08-05,21,0,0,0,0,0,1,0,0,0,0,0,0,0,NA,"WP"
"1367",2019-08-05,22,0,0,0,0,0,1,0,0,0,0,0,0,1,NA,"WP"
"1368",2019-08-05,23,0,0,0,0,0,1,0,0,0,0,0,0,0,NA,"WP"
"1369",2019-08-06,0,0,0,0,0,0,2,0,0,0,0,0,0,0,NA,"WP"
"1370",2019-08-06,1,0,0,0,0,0,1,0,0,0,0,0,0,0,NA,"WP"
"1371",2019-08-06,2,0,0,0,0,0,1,0,0,0,0,0,0,0,NA,"WP"
"1372",2019-08-06,3,0,0,0,0,0,1,0,0,0,0,0,0,0,NA,"WP"
"1373",2019-08-06,4,0,0,0,0,0,1,0,0,0,0,0,0,1,NA,"WP"
"1374",2019-08-06,5,0,0,0,0,0,1,0,1,0,0,0,0,0,NA,"WP"
"1375",2019-08-06,6,0,0,0,0,0,1,0,1,0,0,0,0,0,NA,"WP"
"1376",2019-08-06,7,0,0,0,0,0,1,0,0,0,0,0,0,0,NA,"WP"
"1377",2019-08-06,8,0,0,0,0,0,1,0,0,0,0,0,0,0,NA,"WP"
"1378",2019-08-06,9,0,0,0,0,0,1,0,0,0,0,0,0,0,NA,"WP"
"1379",2019-08-06,10,0,0,0,0,0,1,0,0,0,0,0,0,0,NA,"WP"
"1380",2019-08-06,11,0,0,0,0,0,1,0,0,0,0,0,0,0,NA,"WP"
"1381",2019-08-06,12,0,0,0,0,0,1,0,0,0,0,0,0,0,NA,"WP"
"1382",2019-08-06,13,0,0,0,0,0,1,0,0,0,0,0,0,0,NA,"WP"
"1383",2019-08-06,14,0,0,0,0,0,1,0,0,0,0,0,0,0,NA,"WP"
"1384",2019-08-06,15,0,0,0,0,0,1,0,0,0,0,0,0,0,NA,"WP"
"1385",2019-08-06,16,0,0,0,0,0,1,0,0,0,0,0,0,0,NA,"WP"
"1386",2019-08-06,17,0,0,0,0,0,1,0,0,0,0,0,0,0,NA,"WP"
"1387",2019-08-06,18,0,0,0,0,0,1,0,0,0,0,0,0,1,NA,"WP"
"1388",2019-08-06,19,0,0,0,0,0,1,0,0,0,0,0,0,0,NA,"WP"
"1389",2019-08-06,20,0,0,0,0,0,1,0,0,0,0,0,0,1,NA,"WP"
"1390",2019-08-06,21,0,0,0,0,0,1,0,0,0,0,0,0,0,NA,"WP"
"1391",2019-08-06,22,0,0,0,0,0,1,0,0,0,0,0,0,0,NA,"WP"
"1392",2019-08-06,23,0,0,0,0,0,1,0,0,0,0,0,0,0,NA,"WP"
"1393",2019-08-07,0,0,0,0,0,0,2,0,0,0,0,0,0,1,NA,"WP"
"1394",2019-08-07,1,0,0,0,0,0,2,0,0,0,0,0,0,0,NA,"WP"
"1395",2019-08-07,2,0,0,0,0,0,1,0,0,0,0,0,0,0,NA,"WP"
"1396",2019-08-07,3,0,0,0,0,0,1,0,0,0,0,0,0,1,NA,"WP"
"1397",2019-08-07,4,0,0,0,0,0,1,0,0,0,0,0,0,0,NA,"WP"
"1398",2019-08-07,5,0,0,0,0,0,1,0,0,0,0,0,0,0,NA,"WP"
"1399",2019-08-07,6,0,0,0,0,0,1,0,0,0,0,0,0,0,NA,"WP"
"1400",2019-08-07,7,0,0,0,0,0,1,0,0,0,0,0,0,0,NA,"WP"
"1401",2019-08-07,8,0,0,0,0,0,1,0,0,0,0,0,0,0,NA,"WP"
"1402",2019-08-07,9,0,0,0,0,0,1,0,0,0,0,0,0,0,NA,"WP"
"1403",2019-08-07,10,0,0,0,0,0,1,0,0,0,0,0,0,0,NA,"WP"
"1404",2019-08-07,11,0,0,0,0,0,1,0,0,0,0,0,0,0,NA,"WP"
"1405",2019-08-07,12,0,0,0,0,0,1,0,0,0,0,0,0,0,NA,"WP"
"1406",2019-08-07,13,0,0,0,0,0,1,0,0,0,0,0,0,0,NA,"WP"
"1407",2019-08-07,14,0,0,0,0,0,1,0,0,0,0,0,0,1,NA,"WP"
"1408",2019-08-07,15,0,0,0,0,0,1,0,0,0,0,0,0,0,NA,"WP"
"1409",2019-08-07,16,0,0,0,0,0,1,0,0,0,0,0,0,0,NA,"WP"
"1410",2019-08-07,17,0,0,0,0,0,1,0,0,0,0,0,0,0,NA,"WP"
"1411",2019-08-07,18,0,0,0,0,0,1,0,0,0,0,0,0,0,NA,"WP"
"1412",2019-08-07,19,0,0,0,0,0,1,0,0,0,0,0,0,0,NA,"WP"
"1413",2019-08-07,20,0,0,0,0,0,1,0,0,0,0,0,0,0,NA,"WP"
"1414",2019-08-07,21,0,0,0,0,0,1,0,0,0,0,0,0,0,NA,"WP"
"1415",2019-08-07,22,0,0,0,0,0,1,0,0,0,0,0,0,0,NA,"WP"
"1416",2019-08-07,23,0,0,0,0,0,1,0,0,0,0,0,0,0,NA,"WP"
"1417",2019-08-08,0,0,0,0,0,0,2,0,0,0,0,0,0,0,NA,"WP"
"1418",2019-08-08,1,0,0,0,0,0,2,0,0,0,0,0,0,0,NA,"WP"
"1419",2019-08-08,2,0,0,0,0,0,1,0,0,0,0,0,0,0,NA,"WP"
"1420",2019-08-08,3,0,0,0,0,0,1,0,0,0,0,0,0,0,NA,"WP"
"1421",2019-08-08,4,0,0,0,0,0,1,0,0,0,0,0,0,0,NA,"WP"
"1422",2019-08-08,5,0,0,0,0,0,1,0,0,0,0,0,0,0,NA,"WP"
"1423",2019-08-08,6,0,0,0,0,0,1,0,0,0,0,0,0,0,NA,"WP"
"1424",2019-08-08,7,0,0,0,0,0,1,0,0,0,0,0,0,0,NA,"WP"
"1425",2019-08-08,8,0,0,0,0,0,1,0,0,0,0,0,0,0,NA,"WP"
"1426",2019-08-08,9,0,0,0,0,0,1,0,0,0,0,0,0,0,NA,"WP"
"1427",2019-08-08,10,0,0,0,0,0,1,0,0,0,0,0,0,0,NA,"WP"
"1428",2019-08-08,11,0,0,0,0,0,1,0,0,0,0,0,0,0,NA,"WP"
"1429",2019-08-08,12,0,0,0,0,0,1,0,0,0,0,0,0,0,NA,"WP"
"1430",2019-08-08,13,0,0,0,0,0,1,0,0,0,0,0,0,0,NA,"WP"
"1431",2019-08-08,14,0,0,0,0,1,1,0,0,0,0,0,0,0,NA,"WP"
"1432",2019-08-08,15,0,0,0,0,1,1,0,0,0,0,0,0,1,NA,"WP"
"1433",2019-08-08,16,0,0,0,0,2,1,0,0,0,0,0,0,1,"; likely comp pod; ","WP"
"1434",2019-08-08,17,0,0,0,0,0,1,0,0,0,0,0,0,0,NA,"WP"
"1435",2019-08-08,18,0,0,0,0,0,1,0,0,0,0,0,0,0,NA,"WP"
"1436",2019-08-08,19,0,0,0,0,0,1,0,0,0,0,0,0,0,NA,"WP"
"1437",2019-08-08,20,0,0,0,0,0,1,0,0,0,0,0,0,0,NA,"WP"
"1438",2019-08-08,21,0,0,0,0,0,1,0,0,0,0,0,0,0,NA,"WP"
"1439",2019-08-08,22,0,0,0,0,0,1,0,0,0,0,0,0,0,NA,"WP"
"1440",2019-08-08,23,0,0,0,0,0,1,0,0,0,0,0,1,0,"possible whale; ","WP"
"1441",2019-08-09,0,0,0,0,0,0,1,0,0,0,0,0,0,0,NA,"WP"
"1442",2019-08-09,1,NA,NA,NA,NA,NA,NA,NA,0,0,NA,NA,0,0,NA,"WP"
"1443",2019-08-09,2,NA,NA,NA,NA,NA,NA,NA,0,0,NA,NA,0,0,NA,"WP"
"1444",2019-08-09,3,NA,NA,NA,NA,NA,NA,NA,0,0,NA,NA,0,0,NA,"WP"
"1445",2019-08-09,4,NA,NA,NA,NA,NA,NA,NA,0,0,NA,NA,0,0,NA,"WP"
"1446",2019-08-09,5,NA,NA,NA,NA,NA,NA,NA,0,0,NA,NA,0,0,NA,"WP"
"1447",2019-08-09,6,NA,NA,NA,NA,NA,NA,NA,0,0,NA,NA,0,0,NA,"WP"
"1448",2019-08-09,7,NA,NA,NA,NA,NA,NA,NA,0,0,NA,NA,0,0,NA,"WP"
"1449",2019-08-09,8,NA,NA,NA,NA,NA,NA,NA,0,0,NA,NA,0,0,NA,"WP"
"1450",2019-08-09,9,NA,NA,NA,NA,NA,NA,NA,0,0,NA,NA,0,0,NA,"WP"
"1451",2019-08-09,10,NA,NA,NA,NA,NA,NA,NA,0,0,NA,NA,0,0,NA,"WP"
"1452",2019-08-09,11,NA,NA,NA,NA,NA,NA,NA,0,0,NA,NA,0,0,NA,"WP"
"1453",2019-08-09,12,NA,NA,NA,NA,NA,NA,NA,0,0,NA,NA,0,0,NA,"WP"
"1454",2019-08-09,13,NA,NA,NA,NA,NA,NA,NA,0,0,NA,NA,0,0,NA,"WP"
"1455",2019-08-09,14,NA,NA,NA,NA,NA,NA,NA,0,0,NA,NA,0,0,NA,"WP"
"1456",2019-08-09,15,NA,NA,NA,NA,NA,NA,NA,0,0,NA,NA,0,0,NA,"WP"
"1457",2019-08-09,16,NA,NA,NA,NA,NA,NA,NA,0,0,NA,NA,0,0,NA,"WP"
"1458",2019-08-09,17,NA,NA,NA,NA,NA,NA,NA,0,0,NA,NA,0,0,NA,"WP"
"1459",2019-08-09,18,NA,NA,NA,NA,NA,NA,NA,0,0,NA,NA,0,0,NA,"WP"
"1460",2019-08-09,19,NA,NA,NA,NA,NA,NA,NA,0,0,NA,NA,0,0,NA,"WP"
"1461",2019-08-09,20,NA,NA,NA,NA,NA,NA,NA,0,0,NA,NA,0,0,NA,"WP"
"1462",2019-08-09,21,NA,NA,NA,NA,NA,NA,NA,0,0,NA,NA,0,0,NA,"WP"
"1463",2019-08-09,22,NA,NA,NA,NA,NA,NA,NA,0,0,NA,NA,0,0,NA,"WP"
"1464",2019-08-09,23,NA,NA,NA,NA,NA,NA,NA,0,0,NA,NA,0,0,NA,"WP"
